currency,value_date,fx_rate,daily_return
EUR,1990-01-02,1.359,
EUR,1990-01-03,1.367,0.005886681383370229
EUR,1990-01-04,1.357,-0.007315288953913646
EUR,1990-01-05,1.364,0.005158437730287568
EUR,1990-01-08,1.36,-0.0029325513196480912
EUR,1990-01-09,1.368,0.00588235294117645
EUR,1990-01-10,1.376,0.005847953216374213
EUR,1990-01-11,1.372,-0.0029069767441859407
EUR,1990-01-12,1.377,0.0036443148688045657
EUR,1990-01-15,1.379,0.001452432824981864
EUR,1990-01-16,1.38,0.0007251631617113397
EUR,1990-01-17,1.371,-0.006521739130434745
EUR,1990-01-18,1.383,0.00875273522975939
EUR,1990-01-19,1.382,-0.0007230657989878431
EUR,1990-01-22,1.386,0.0028943560057888007
EUR,1990-01-23,1.378,-0.005772005772005762
EUR,1990-01-24,1.372,-0.004354136429608024
EUR,1990-01-25,1.374,0.001457725947521915
EUR,1990-01-26,1.377,0.0021834061135370675
EUR,1990-01-29,1.384,0.005083514887436413
EUR,1990-01-30,1.375,-0.006502890173410325
EUR,1990-01-31,1.388,0.009454545454545382
EUR,1990-02-01,1.385,-0.002161383285302465
EUR,1990-02-02,1.388,0.0021660649819494893
EUR,1990-02-05,1.384,-0.0028818443804035088
EUR,1990-02-06,1.385,0.0007225433526012459
EUR,1990-02-07,1.381,-0.002888086642599319
EUR,1990-02-08,1.386,0.003620564808110016
EUR,1990-02-09,1.389,0.0021645021645022577
EUR,1990-02-12,1.39,0.0007199424046075986
EUR,1990-02-13,1.39,0.0
EUR,1990-02-14,1.393,0.0021582733812950394
EUR,1990-02-15,1.4,0.005025125628140614
EUR,1990-02-16,1.394,-0.004285714285714337
EUR,1990-02-19,1.401,0.0050215208034434244
EUR,1990-02-20,1.398,-0.0021413276231264655
EUR,1990-02-21,1.401,0.0021459227467812703
EUR,1990-02-22,1.4,-0.0007137758743754885
EUR,1990-02-23,1.401,0.0007142857142858894
EUR,1990-02-26,1.396,-0.0035688793718773315
EUR,1990-02-27,1.396,0.0
EUR,1990-02-28,1.396,0.0
EUR,1990-03-01,1.397,0.0007163323782235498
EUR,1990-03-02,1.383,-0.010021474588403745
EUR,1990-03-05,1.366,-0.012292118582791
EUR,1990-03-06,1.374,0.005856515373352966
EUR,1990-03-07,1.371,-0.0021834061135371785
EUR,1990-03-08,1.366,-0.003646973012399579
EUR,1990-03-09,1.351,-0.010980966325036645
EUR,1990-03-12,1.356,0.0037009622501851247
EUR,1990-03-13,1.352,-0.002949852507374673
EUR,1990-03-14,1.351,-0.0007396449704142327
EUR,1990-03-15,1.35,-0.0007401924500369805
EUR,1990-03-16,1.349,-0.0007407407407408195
EUR,1990-03-19,1.338,-0.008154188287620379
EUR,1990-03-20,1.34,0.001494768310911887
EUR,1990-03-21,1.34,0.0
EUR,1990-03-22,1.34,0.0
EUR,1990-03-23,1.344,0.0029850746268655914
EUR,1990-03-26,1.352,0.005952380952380931
EUR,1990-03-27,1.361,0.00665680473372765
EUR,1990-03-28,1.36,-0.0007347538574576928
EUR,1990-03-29,1.361,0.0007352941176470562
EUR,1990-03-30,1.364,0.0022042615723734116
EUR,1990-04-02,1.359,-0.003665689149560225
EUR,1990-04-03,1.357,-0.0014716703458425018
EUR,1990-04-04,1.362,0.003684598378776771
EUR,1990-04-05,1.365,0.0022026431718060735
EUR,1990-04-06,1.359,-0.00439560439560438
EUR,1990-04-09,1.352,-0.005150846210448812
EUR,1990-04-10,1.348,-0.00295857988165682
EUR,1990-04-11,1.345,-0.002225519287833877
EUR,1990-04-12,1.343,-0.0014869888475836923
EUR,1990-04-13,1.342,-0.0007446016381235099
EUR,1990-04-16,1.339,-0.0022354694485843263
EUR,1990-04-17,1.344,0.0037341299477222645
EUR,1990-04-18,1.342,-0.0014880952380952328
EUR,1990-04-19,1.351,0.006706408345752424
EUR,1990-04-20,1.352,0.0007401924500372026
EUR,1990-04-23,1.356,0.002958579881656709
EUR,1990-04-24,1.355,-0.0007374631268437515
EUR,1990-04-25,1.345,-0.0073800738007380184
EUR,1990-04-26,1.342,-0.0022304832713754275
EUR,1990-04-27,1.339,-0.0022354694485843263
EUR,1990-04-30,1.346,0.00522778192681117
EUR,1990-05-01,1.35,0.002971768202080227
EUR,1990-05-02,1.351,0.0007407407407407085
EUR,1990-05-03,1.346,-0.0037009622501850137
EUR,1990-05-04,1.353,0.005200594353640398
EUR,1990-05-07,1.349,-0.002956393200295615
EUR,1990-05-08,1.352,0.002223869532987477
EUR,1990-05-09,1.342,-0.007396449704141994
EUR,1990-05-10,1.341,-0.0007451564828614421
EUR,1990-05-11,1.347,0.004474272930648837
EUR,1990-05-14,1.351,0.0029695619896066283
EUR,1990-05-15,1.348,-0.0022205773501109416
EUR,1990-05-16,1.351,0.002225519287833766
EUR,1990-05-17,1.364,0.009622501850481191
EUR,1990-05-18,1.361,-0.0021994134897361795
EUR,1990-05-21,1.368,0.005143277002204405
EUR,1990-05-22,1.377,0.006578947368421018
EUR,1990-05-23,1.38,0.002178649237472685
EUR,1990-05-24,1.383,0.0021739130434783593
EUR,1990-05-25,1.384,0.000723065798987621
EUR,1990-05-28,1.384,0.0
EUR,1990-05-29,1.382,-0.0014450867052022698
EUR,1990-05-30,1.388,0.004341534008682979
EUR,1990-05-31,1.385,-0.002161383285302465
EUR,1990-06-01,1.39,0.0036101083032489267
EUR,1990-06-04,1.381,-0.006474820143884785
EUR,1990-06-05,1.384,0.0021723388848660097
EUR,1990-06-06,1.387,0.0021676300578035157
EUR,1990-06-07,1.391,0.002883922134102379
EUR,1990-06-08,1.391,0.0
EUR,1990-06-11,1.389,-0.0014378145219267058
EUR,1990-06-12,1.397,0.005759539236861011
EUR,1990-06-13,1.406,0.006442376521116566
EUR,1990-06-14,1.395,-0.00782361308677093
EUR,1990-06-15,1.403,0.005734767025089571
EUR,1990-06-18,1.394,-0.006414825374198241
EUR,1990-06-19,1.395,0.0007173601147776321
EUR,1990-06-20,1.399,0.0028673835125447855
EUR,1990-06-21,1.398,-0.0007147962830593713
EUR,1990-06-22,1.407,0.006437768240343367
EUR,1990-06-25,1.407,0.0
EUR,1990-06-26,1.411,0.002842928216062468
EUR,1990-06-27,1.405,-0.00425230333097093
EUR,1990-06-28,1.405,0.0
EUR,1990-06-29,1.415,0.007117437722419906
EUR,1990-07-02,1.426,0.007773851590106018
EUR,1990-07-03,1.421,-0.003506311360448766
EUR,1990-07-04,1.42,-0.0007037297677692234
EUR,1990-07-05,1.422,0.0014084507042253502
EUR,1990-07-06,1.428,0.00421940928270037
EUR,1990-07-09,1.44,0.008403361344537785
EUR,1990-07-10,1.447,0.004861111111111205
EUR,1990-07-11,1.435,-0.008293020041465149
EUR,1990-07-12,1.454,0.013240418118466879
EUR,1990-07-13,1.429,-0.01719394773039884
EUR,1990-07-16,1.439,0.0069979006298110935
EUR,1990-07-17,1.444,0.0034746351633077044
EUR,1990-07-18,1.44,-0.0027700831024930483
EUR,1990-07-19,1.437,-0.002083333333333215
EUR,1990-07-20,1.441,0.0027835768963118124
EUR,1990-07-23,1.433,-0.005551700208188737
EUR,1990-07-24,1.42,-0.009071877180739762
EUR,1990-07-25,1.418,-0.0014084507042253502
EUR,1990-07-26,1.422,0.0028208744710860323
EUR,1990-07-27,1.432,0.007032348804500765
EUR,1990-07-30,1.43,-0.0013966480446927498
EUR,1990-07-31,1.429,-0.0006993006993005757
EUR,1990-08-01,1.428,-0.0006997900629811538
EUR,1990-08-02,1.426,-0.0014005602240896309
EUR,1990-08-03,1.431,0.003506311360448988
EUR,1990-08-06,1.424,-0.004891684136967278
EUR,1990-08-07,1.426,0.001404494382022392
EUR,1990-08-08,1.434,0.005610098176718203
EUR,1990-08-09,1.433,-0.0006973500697349255
EUR,1990-08-10,1.436,0.0020935101186321248
EUR,1990-08-13,1.43,-0.004178272980501441
EUR,1990-08-14,1.433,0.002097902097902171
EUR,1990-08-15,1.428,-0.0034891835310537633
EUR,1990-08-16,1.439,0.007703081232493192
EUR,1990-08-17,1.438,-0.0006949270326616075
EUR,1990-08-20,1.437,-0.0006954102920722072
EUR,1990-08-21,1.445,0.005567153792623625
EUR,1990-08-22,1.448,0.0020761245674740803
EUR,1990-08-23,1.467,0.013121546961325947
EUR,1990-08-24,1.452,-0.010224948875255713
EUR,1990-08-27,1.451,-0.0006887052341597588
EUR,1990-08-28,1.452,0.000689179875947632
EUR,1990-08-29,1.454,0.0013774104683195176
EUR,1990-08-30,1.449,-0.003438789546079679
EUR,1990-08-31,1.437,-0.008281573498964856
EUR,1990-09-03,1.431,-0.0041753653444676075
EUR,1990-09-04,1.436,0.0034940600978337066
EUR,1990-09-05,1.439,0.002089136490250665
EUR,1990-09-06,1.436,-0.0020847810979848225
EUR,1990-09-07,1.432,-0.0027855153203342198
EUR,1990-09-10,1.419,-0.009078212290502763
EUR,1990-09-11,1.425,0.0042283298097252064
EUR,1990-09-12,1.424,-0.0007017543859649811
EUR,1990-09-13,1.431,0.004915730337078816
EUR,1990-09-14,1.438,0.004891684136967056
EUR,1990-09-17,1.434,-0.0027816411682892728
EUR,1990-09-18,1.431,-0.0020920502092049986
EUR,1990-09-19,1.426,-0.0034940600978338177
EUR,1990-09-20,1.429,0.0021037868162694373
EUR,1990-09-21,1.404,-0.017494751574527734
EUR,1990-09-24,1.407,0.002136752136752129
EUR,1990-09-25,1.408,0.000710732054015617
EUR,1990-09-26,1.422,0.009943181818181879
EUR,1990-09-27,1.43,0.005625879043600568
EUR,1990-09-28,1.426,-0.002797202797202747
EUR,1990-10-01,1.418,-0.005610098176718092
EUR,1990-10-02,1.424,0.004231311706629048
EUR,1990-10-03,1.42,-0.002808988764044895
EUR,1990-10-04,1.425,0.0035211267605634866
EUR,1990-10-05,1.465,0.02807017543859658
EUR,1990-10-08,1.464,-0.0006825938566553669
EUR,1990-10-09,1.45,-0.0095628415300546
EUR,1990-10-10,1.45,0.0
EUR,1990-10-11,1.453,0.00206896551724145
EUR,1990-10-12,1.444,-0.006194081211287061
EUR,1990-10-15,1.432,-0.008310249307479256
EUR,1990-10-16,1.436,0.0027932960893854997
EUR,1990-10-17,1.435,-0.0006963788300834439
EUR,1990-10-18,1.44,0.0034843205574912606
EUR,1990-10-19,1.424,-0.011111111111111072
EUR,1990-10-22,1.425,0.0007022471910114181
EUR,1990-10-23,1.424,-0.0007017543859649811
EUR,1990-10-24,1.425,0.0007022471910114181
EUR,1990-10-25,1.425,0.0
EUR,1990-10-26,1.433,0.0056140350877194045
EUR,1990-10-29,1.427,-0.004187020237264472
EUR,1990-10-30,1.434,0.004905395935528967
EUR,1990-10-31,1.422,-0.008368200836820106
EUR,1990-11-01,1.416,-0.00421940928270037
EUR,1990-11-02,1.423,0.004943502824858781
EUR,1990-11-05,1.421,-0.0014054813773717312
EUR,1990-11-06,1.412,-0.006333567909922677
EUR,1990-11-07,1.414,0.0014164305949009304
EUR,1990-11-08,1.415,0.0007072135785006761
EUR,1990-11-09,1.417,0.001413427561837377
EUR,1990-11-12,1.414,-0.0021171489061397875
EUR,1990-11-13,1.41,-0.0028288543140028155
EUR,1990-11-14,1.409,-0.0007092198581559739
EUR,1990-11-15,1.406,-0.002129169623846794
EUR,1990-11-16,1.406,0.0
EUR,1990-11-19,1.412,0.004267425320056972
EUR,1990-11-20,1.407,-0.003541076487252104
EUR,1990-11-21,1.414,0.004975124378109319
EUR,1990-11-22,1.412,-0.0014144271570014633
EUR,1990-11-23,1.417,0.003541076487252104
EUR,1990-11-26,1.423,0.004234297812279575
EUR,1990-11-27,1.422,-0.0007027406886859211
EUR,1990-11-28,1.416,-0.00421940928270037
EUR,1990-11-29,1.401,-0.010593220338983023
EUR,1990-11-30,1.418,0.012134189864382527
EUR,1990-12-03,1.409,-0.006346967559943462
EUR,1990-12-04,1.41,0.0007097232079489313
EUR,1990-12-05,1.406,-0.0028368794326241176
EUR,1990-12-06,1.406,0.0
EUR,1990-12-07,1.406,0.0
EUR,1990-12-10,1.394,-0.008534850640113834
EUR,1990-12-11,1.396,0.0014347202295552641
EUR,1990-12-12,1.406,0.007163323782235054
EUR,1990-12-13,1.403,-0.002133712660028375
EUR,1990-12-14,1.4,-0.002138275124732747
EUR,1990-12-17,1.402,0.0014285714285713347
EUR,1990-12-18,1.41,0.005706134094151327
EUR,1990-12-19,1.396,-0.009929078014184411
EUR,1990-12-20,1.388,-0.005730659025787954
EUR,1990-12-21,1.407,0.0136887608069165
EUR,1990-12-24,1.4,-0.004975124378109541
EUR,1990-12-25,1.405,0.0035714285714285587
EUR,1990-12-26,1.411,0.004270462633451988
EUR,1990-12-27,1.41,-0.0007087172218285254
EUR,1990-12-28,1.42,0.007092198581560183
EUR,1990-12-31,1.414,-0.004225352112676051
EUR,1991-01-02,1.412,-0.0014144271570014633
EUR,1991-01-03,1.413,0.0007082152974504652
EUR,1991-01-04,1.415,0.0014154281670204494
EUR,1991-01-07,1.413,-0.001413427561837488
EUR,1991-01-08,1.413,0.0
EUR,1991-01-09,1.393,-0.014154281670205271
EUR,1991-01-10,1.414,0.015075376884422065
EUR,1991-01-11,1.417,0.0021216407355022504
EUR,1991-01-14,1.419,0.0014114326040932657
EUR,1991-01-15,1.427,0.005637773079633535
EUR,1991-01-16,1.425,-0.0014015416958654825
EUR,1991-01-17,1.419,-0.004210526315789442
EUR,1991-01-18,1.42,0.000704721634954053
EUR,1991-01-21,1.415,-0.0035211267605632646
EUR,1991-01-22,1.411,-0.002826855123674865
EUR,1991-01-23,1.416,0.003543586109142405
EUR,1991-01-24,1.412,-0.0028248587570621764
EUR,1991-01-25,1.415,0.0021246458923513956
EUR,1991-01-28,1.42,0.0035335689045936647
EUR,1991-01-29,1.412,-0.005633802816901401
EUR,1991-01-30,1.418,0.004249291784702569
EUR,1991-01-31,1.411,-0.0049365303244004455
EUR,1991-02-01,1.411,0.0
EUR,1991-02-04,1.413,0.0014174344436570507
EUR,1991-02-05,1.415,0.0014154281670204494
EUR,1991-02-06,1.415,0.0
EUR,1991-02-07,1.403,-0.008480565371024706
EUR,1991-02-08,1.412,0.006414825374198019
EUR,1991-02-11,1.408,-0.0028328611898017497
EUR,1991-02-12,1.409,0.0007102272727272929
EUR,1991-02-13,1.407,-0.0014194464158977516
EUR,1991-02-14,1.415,0.005685856432125158
EUR,1991-02-15,1.414,-0.0007067137809187996
EUR,1991-02-18,1.415,0.0007072135785006761
EUR,1991-02-19,1.412,-0.0021201413427562876
EUR,1991-02-20,1.417,0.003541076487252104
EUR,1991-02-21,1.416,-0.0007057163020466328
EUR,1991-02-22,1.42,0.0028248587570620654
EUR,1991-02-25,1.424,0.0028169014084507005
EUR,1991-02-26,1.423,-0.000702247191011196
EUR,1991-02-27,1.419,-0.0028109627547434624
EUR,1991-02-28,1.421,0.0014094432699083281
EUR,1991-03-01,1.419,-0.0014074595355383357
EUR,1991-03-04,1.419,0.0
EUR,1991-03-05,1.415,-0.0028188865398167673
EUR,1991-03-06,1.42,0.0035335689045936647
EUR,1991-03-07,1.423,0.0021126760563381364
EUR,1991-03-08,1.418,-0.0035137034434294945
EUR,1991-03-11,1.421,0.0021156558533146352
EUR,1991-03-12,1.426,0.0035186488388458947
EUR,1991-03-13,1.43,0.0028050490883591017
EUR,1991-03-14,1.423,-0.004895104895104807
EUR,1991-03-15,1.418,-0.0035137034434294945
EUR,1991-03-18,1.418,0.0
EUR,1991-03-19,1.435,0.011988716502115748
EUR,1991-03-20,1.434,-0.0006968641114983853
EUR,1991-03-21,1.433,-0.0006973500697349255
EUR,1991-03-22,1.425,-0.005582693649685999
EUR,1991-03-25,1.419,-0.004210526315789442
EUR,1991-03-26,1.443,0.016913319238900604
EUR,1991-03-27,1.441,-0.001386001386001423
EUR,1991-03-28,1.444,0.002081887578070818
EUR,1991-03-29,1.442,-0.0013850415512465242
EUR,1991-04-01,1.459,0.011789181692094308
EUR,1991-04-02,1.451,-0.005483207676490798
EUR,1991-04-03,1.44,-0.007580978635423952
EUR,1991-04-04,1.448,0.005555555555555536
EUR,1991-04-05,1.437,-0.007596685082872812
EUR,1991-04-08,1.446,0.006263048016701411
EUR,1991-04-09,1.453,0.004840940525587811
EUR,1991-04-10,1.446,-0.004817618719889949
EUR,1991-04-11,1.448,0.0013831258644536604
EUR,1991-04-12,1.449,0.0006906077348067807
EUR,1991-04-15,1.452,0.0020703933747410197
EUR,1991-04-16,1.446,-0.004132231404958664
EUR,1991-04-17,1.445,-0.0006915629322267192
EUR,1991-04-18,1.433,-0.00830449826989621
EUR,1991-04-19,1.447,0.00976971388695036
EUR,1991-04-22,1.449,0.0013821700069107656
EUR,1991-04-23,1.446,-0.0020703933747412417
EUR,1991-04-24,1.445,-0.0006915629322267192
EUR,1991-04-25,1.437,-0.00553633217993077
EUR,1991-04-26,1.437,0.0
EUR,1991-04-29,1.442,0.003479471120389599
EUR,1991-04-30,1.447,0.0034674063800277377
EUR,1991-05-01,1.43,-0.011748445058742285
EUR,1991-05-02,1.444,0.009790209790209836
EUR,1991-05-03,1.442,-0.0013850415512465242
EUR,1991-05-06,1.441,-0.0006934812760054365
EUR,1991-05-07,1.442,0.000693962526023606
EUR,1991-05-08,1.432,-0.006934812760055475
EUR,1991-05-09,1.433,0.0006983240223463749
EUR,1991-05-10,1.443,0.006978367062107527
EUR,1991-05-13,1.443,0.0
EUR,1991-05-14,1.438,-0.0034650034650035577
EUR,1991-05-15,1.435,-0.0020862308762168436
EUR,1991-05-16,1.441,0.004181184668989646
EUR,1991-05-17,1.437,-0.002775850104094424
EUR,1991-05-20,1.443,0.0041753653444676075
EUR,1991-05-21,1.449,0.004158004158004269
EUR,1991-05-22,1.448,-0.0006901311249137843
EUR,1991-05-23,1.447,-0.0006906077348065587
EUR,1991-05-24,1.44,-0.004837595024188013
EUR,1991-05-27,1.441,0.000694444444444553
EUR,1991-05-28,1.444,0.002081887578070818
EUR,1991-05-29,1.442,-0.0013850415512465242
EUR,1991-05-30,1.434,-0.00554785020804438
EUR,1991-05-31,1.438,0.002789400278939924
EUR,1991-06-03,1.442,0.0027816411682892728
EUR,1991-06-04,1.441,-0.0006934812760054365
EUR,1991-06-05,1.438,-0.002081887578070818
EUR,1991-06-06,1.436,-0.0013908205841446364
EUR,1991-06-07,1.438,0.0013927576601671099
EUR,1991-06-10,1.435,-0.0020862308762168436
EUR,1991-06-11,1.43,-0.0034843205574913716
EUR,1991-06-12,1.43,0.0
EUR,1991-06-13,1.428,-0.0013986013986013734
EUR,1991-06-14,1.428,0.0
EUR,1991-06-17,1.422,-0.004201680672268893
EUR,1991-06-18,1.422,0.0
EUR,1991-06-19,1.427,0.0035161744022504937
EUR,1991-06-20,1.426,-0.0007007708479328523
EUR,1991-06-21,1.427,0.0007012622720898865
EUR,1991-06-24,1.428,0.0007007708479327412
EUR,1991-06-25,1.426,-0.0014005602240896309
EUR,1991-06-26,1.427,0.0007012622720898865
EUR,1991-06-27,1.428,0.0007007708479327412
EUR,1991-06-28,1.428,0.0
EUR,1991-07-01,1.43,0.0014005602240896309
EUR,1991-07-02,1.43,0.0
EUR,1991-07-03,1.429,-0.0006993006993005757
EUR,1991-07-04,1.431,0.0013995801259623075
EUR,1991-07-05,1.434,0.002096436058700135
EUR,1991-07-08,1.438,0.002789400278939924
EUR,1991-07-09,1.435,-0.0020862308762168436
EUR,1991-07-10,1.431,-0.0027874564459929863
EUR,1991-07-11,1.432,0.0006988120195665637
EUR,1991-07-12,1.436,0.0027932960893854997
EUR,1991-07-15,1.44,0.0027855153203342198
EUR,1991-07-16,1.44,0.0
EUR,1991-07-17,1.437,-0.002083333333333215
EUR,1991-07-18,1.437,0.0
EUR,1991-07-19,1.44,0.0020876826722338038
EUR,1991-07-22,1.439,-0.000694444444444331
EUR,1991-07-23,1.437,-0.001389854065323104
EUR,1991-07-24,1.43,-0.004871259568545616
EUR,1991-07-25,1.433,0.002097902097902171
EUR,1991-07-26,1.429,-0.002791346824842944
EUR,1991-07-29,1.433,0.002799160251924393
EUR,1991-07-30,1.434,0.0006978367062107083
EUR,1991-07-31,1.431,-0.0020920502092049986
EUR,1991-08-01,1.433,0.0013976240391335715
EUR,1991-08-02,1.433,0.0
EUR,1991-08-05,1.431,-0.0013956734124215275
EUR,1991-08-06,1.429,-0.0013976240391334604
EUR,1991-08-07,1.428,-0.0006997900629811538
EUR,1991-08-08,1.428,0.0
EUR,1991-08-09,1.429,0.0007002801120448154
EUR,1991-08-12,1.429,0.0
EUR,1991-08-13,1.43,0.0006997900629810427
EUR,1991-08-14,1.428,-0.0013986013986013734
EUR,1991-08-15,1.426,-0.0014005602240896309
EUR,1991-08-16,1.426,0.0
EUR,1991-08-19,1.441,0.01051893408134652
EUR,1991-08-20,1.438,-0.002081887578070818
EUR,1991-08-21,1.423,-0.010431154381084773
EUR,1991-08-22,1.428,0.0035137034434293835
EUR,1991-08-23,1.43,0.0014005602240896309
EUR,1991-08-26,1.43,0.0
EUR,1991-08-27,1.431,0.0006993006993007977
EUR,1991-08-28,1.431,0.0
EUR,1991-08-29,1.43,-0.0006988120195667857
EUR,1991-08-30,1.43,0.0
EUR,1991-09-02,1.431,0.0006993006993007977
EUR,1991-09-03,1.432,0.0006988120195665637
EUR,1991-09-04,1.433,0.0006983240223463749
EUR,1991-09-05,1.433,0.0
EUR,1991-09-06,1.435,0.0013956734124214165
EUR,1991-09-09,1.431,-0.0027874564459929863
EUR,1991-09-10,1.428,-0.002096436058700246
EUR,1991-09-11,1.428,0.0
EUR,1991-09-12,1.424,-0.0028011204481792618
EUR,1991-09-13,1.425,0.0007022471910114181
EUR,1991-09-16,1.422,-0.002105263157894832
EUR,1991-09-17,1.423,0.0007032348804500987
EUR,1991-09-18,1.421,-0.0014054813773717312
EUR,1991-09-19,1.424,0.002111189303307448
EUR,1991-09-20,1.425,0.0007022471910114181
EUR,1991-09-23,1.425,0.0
EUR,1991-09-24,1.424,-0.0007017543859649811
EUR,1991-09-25,1.424,0.0
EUR,1991-09-26,1.425,0.0007022471910114181
EUR,1991-09-27,1.422,-0.002105263157894832
EUR,1991-09-30,1.424,0.0014064697609001975
EUR,1991-10-01,1.423,-0.000702247191011196
EUR,1991-10-02,1.425,0.0014054813773718422
EUR,1991-10-03,1.423,-0.0014035087719298511
EUR,1991-10-04,1.423,0.0
EUR,1991-10-07,1.423,0.0
EUR,1991-10-08,1.417,-0.0042164441321153046
EUR,1991-10-09,1.418,0.0007057163020465218
EUR,1991-10-10,1.42,0.0014104372355430161
EUR,1991-10-11,1.421,0.0007042253521127861
EUR,1991-10-14,1.421,0.0
EUR,1991-10-15,1.421,0.0
EUR,1991-10-16,1.421,0.0
EUR,1991-10-17,1.423,0.0014074595355384467
EUR,1991-10-18,1.422,-0.0007027406886859211
EUR,1991-10-21,1.42,-0.0014064697609000865
EUR,1991-10-22,1.418,-0.0014084507042253502
EUR,1991-10-23,1.42,0.0014104372355430161
EUR,1991-10-24,1.42,0.0
EUR,1991-10-25,1.422,0.0014084507042253502
EUR,1991-10-28,1.42,-0.0014064697609000865
EUR,1991-10-29,1.422,0.0014084507042253502
EUR,1991-10-30,1.423,0.0007032348804500987
EUR,1991-10-31,1.421,-0.0014054813773717312
EUR,1991-11-01,1.421,0.0
EUR,1991-11-04,1.421,0.0
EUR,1991-11-05,1.42,-0.0007037297677692234
EUR,1991-11-06,1.421,0.0007042253521127861
EUR,1991-11-07,1.422,0.0007037297677690013
EUR,1991-11-08,1.422,0.0
EUR,1991-11-11,1.421,-0.0007032348804499877
EUR,1991-11-12,1.42,-0.0007037297677692234
EUR,1991-11-13,1.42,0.0
EUR,1991-11-14,1.417,-0.0021126760563379143
EUR,1991-11-15,1.417,0.0
EUR,1991-11-18,1.413,-0.0028228652081863093
EUR,1991-11-19,1.409,-0.0028308563340410098
EUR,1991-11-20,1.41,0.0007097232079489313
EUR,1991-11-21,1.405,-0.0035460992907800915
EUR,1991-11-22,1.399,-0.004270462633451988
EUR,1991-11-25,1.402,0.0021443888491778917
EUR,1991-11-26,1.406,0.0028530670470756636
EUR,1991-11-27,1.401,-0.0035561877667139585
EUR,1991-11-28,1.406,0.0035688793718771095
EUR,1991-11-29,1.409,0.002133712660028486
EUR,1991-12-02,1.405,-0.002838892831795614
EUR,1991-12-03,1.403,-0.001423487544483959
EUR,1991-12-04,1.403,0.0
EUR,1991-12-05,1.405,0.0014255167498218313
EUR,1991-12-06,1.402,-0.002135231316726105
EUR,1991-12-09,1.401,-0.0007132667617688604
EUR,1991-12-10,1.404,0.0021413276231263545
EUR,1991-12-11,1.401,-0.002136752136752018
EUR,1991-12-12,1.406,0.0035688793718771095
EUR,1991-12-13,1.415,0.006401137980085458
EUR,1991-12-16,1.411,-0.002826855123674865
EUR,1991-12-17,1.409,-0.0014174344436569397
EUR,1991-12-18,1.412,0.002129169623846572
EUR,1991-12-19,1.406,-0.004249291784702569
EUR,1991-12-20,1.406,0.0
EUR,1991-12-23,1.405,-0.0007112375533427917
EUR,1991-12-24,1.404,-0.000711743772242035
EUR,1991-12-25,1.41,0.004273504273504258
EUR,1991-12-26,1.399,-0.007801418439716268
EUR,1991-12-27,1.404,0.0035739814152966343
EUR,1991-12-30,1.398,-0.004273504273504258
EUR,1991-12-31,1.397,-0.0007153075822602384
EUR,1992-01-01,1.398,0.0007158196134573469
EUR,1992-01-02,1.404,0.0042918454935623185
EUR,1992-01-03,1.402,-0.0014245014245014564
EUR,1992-01-06,1.401,-0.0007132667617688604
EUR,1992-01-07,1.396,-0.0035688793718773315
EUR,1992-01-08,1.392,-0.002865329512893977
EUR,1992-01-09,1.392,0.0
EUR,1992-01-10,1.392,0.0
EUR,1992-01-13,1.393,0.0007183908045977905
EUR,1992-01-14,1.394,0.00071787508973431
EUR,1992-01-15,1.397,0.002152080344332896
EUR,1992-01-16,1.398,0.0007158196134573469
EUR,1992-01-17,1.402,0.0028612303290413976
EUR,1992-01-20,1.4,-0.0014265335235378318
EUR,1992-01-21,1.403,0.002142857142857224
EUR,1992-01-22,1.406,0.002138275124732747
EUR,1992-01-23,1.406,0.0
EUR,1992-01-24,1.404,-0.0014224751066855834
EUR,1992-01-27,1.406,0.0014245014245013454
EUR,1992-01-28,1.404,-0.0014224751066855834
EUR,1992-01-29,1.411,0.004985754985755042
EUR,1992-01-30,1.409,-0.0014174344436569397
EUR,1992-01-31,1.408,-0.0007097232079489313
EUR,1992-02-03,1.407,-0.0007102272727271819
EUR,1992-02-04,1.406,-0.000710732054015728
EUR,1992-02-05,1.407,0.0007112375533429027
EUR,1992-02-06,1.406,-0.000710732054015728
EUR,1992-02-07,1.404,-0.0014224751066855834
EUR,1992-02-10,1.405,0.0007122507122507837
EUR,1992-02-11,1.405,0.0
EUR,1992-02-12,1.406,0.000711743772241924
EUR,1992-02-13,1.407,0.0007112375533429027
EUR,1992-02-14,1.408,0.000710732054015617
EUR,1992-02-17,1.404,-0.0028409090909090606
EUR,1992-02-18,1.41,0.004273504273504258
EUR,1992-02-19,1.41,0.0
EUR,1992-02-20,1.408,-0.0014184397163120588
EUR,1992-02-21,1.409,0.0007102272727272929
EUR,1992-02-24,1.41,0.0007097232079489313
EUR,1992-02-25,1.41,0.0
EUR,1992-02-26,1.411,0.0007092198581561959
EUR,1992-02-27,1.409,-0.0014174344436569397
EUR,1992-02-28,1.407,-0.0014194464158977516
EUR,1992-03-02,1.408,0.000710732054015617
EUR,1992-03-03,1.407,-0.0007102272727271819
EUR,1992-03-04,1.406,-0.000710732054015728
EUR,1992-03-05,1.403,-0.002133712660028375
EUR,1992-03-06,1.401,-0.0014255167498218313
EUR,1992-03-09,1.401,0.0
EUR,1992-03-10,1.402,0.0007137758743753775
EUR,1992-03-11,1.403,0.0007132667617690824
EUR,1992-03-12,1.399,-0.0028510334996436626
EUR,1992-03-13,1.395,-0.002859185132237263
EUR,1992-03-16,1.4,0.0035842293906809264
EUR,1992-03-17,1.398,-0.0014285714285714457
EUR,1992-03-18,1.398,0.0
EUR,1992-03-19,1.4,0.0014306151645206988
EUR,1992-03-20,1.4,0.0
EUR,1992-03-23,1.401,0.0007142857142858894
EUR,1992-03-24,1.399,-0.001427551748750866
EUR,1992-03-25,1.399,0.0
EUR,1992-03-26,1.4,0.0007147962830591492
EUR,1992-03-27,1.4,0.0
EUR,1992-03-30,1.399,-0.0007142857142856673
EUR,1992-03-31,1.397,-0.0014295925661186315
EUR,1992-04-01,1.396,-0.0007158196134574579
EUR,1992-04-02,1.392,-0.002865329512893977
EUR,1992-04-03,1.389,-0.0021551724137930384
EUR,1992-04-06,1.39,0.0007199424046075986
EUR,1992-04-07,1.389,-0.0007194244604316058
EUR,1992-04-08,1.393,0.0028797696184306165
EUR,1992-04-09,1.396,0.002153625269203152
EUR,1992-04-10,1.411,0.01074498567335258
EUR,1992-04-13,1.421,0.00708717221828481
EUR,1992-04-14,1.423,0.0014074595355384467
EUR,1992-04-15,1.424,0.0007027406886856991
EUR,1992-04-16,1.42,-0.002808988764044895
EUR,1992-04-17,1.42,0.0
EUR,1992-04-20,1.421,0.0007042253521127861
EUR,1992-04-21,1.424,0.002111189303307448
EUR,1992-04-22,1.427,0.00210674157303381
EUR,1992-04-23,1.428,0.0007007708479327412
EUR,1992-04-24,1.428,0.0
EUR,1992-04-27,1.431,0.0021008403361344463
EUR,1992-04-28,1.431,0.0
EUR,1992-04-29,1.431,0.0
EUR,1992-04-30,1.429,-0.0013976240391334604
EUR,1992-05-01,1.428,-0.0006997900629811538
EUR,1992-05-04,1.427,-0.0007002801120447044
EUR,1992-05-05,1.425,-0.0014015416958654825
EUR,1992-05-06,1.425,0.0
EUR,1992-05-07,1.431,0.004210526315789442
EUR,1992-05-08,1.434,0.002096436058700135
EUR,1992-05-11,1.433,-0.0006973500697349255
EUR,1992-05-12,1.431,-0.0013956734124215275
EUR,1992-05-13,1.429,-0.0013976240391334604
EUR,1992-05-14,1.429,0.0
EUR,1992-05-15,1.428,-0.0006997900629811538
EUR,1992-05-18,1.426,-0.0014005602240896309
EUR,1992-05-19,1.423,-0.0021037868162692153
EUR,1992-05-20,1.426,0.0021082220660575413
EUR,1992-05-21,1.43,0.0028050490883591017
EUR,1992-05-22,1.429,-0.0006993006993005757
EUR,1992-05-25,1.429,0.0
EUR,1992-05-26,1.431,0.0013995801259623075
EUR,1992-05-27,1.429,-0.0013976240391334604
EUR,1992-05-28,1.427,-0.0013995801259621965
EUR,1992-05-29,1.43,0.0021023125437980017
EUR,1992-06-01,1.427,-0.00209790209790206
EUR,1992-06-02,1.425,-0.0014015416958654825
EUR,1992-06-03,1.422,-0.002105263157894832
EUR,1992-06-04,1.421,-0.0007032348804499877
EUR,1992-06-05,1.422,0.0007037297677690013
EUR,1992-06-08,1.421,-0.0007032348804499877
EUR,1992-06-09,1.423,0.0014074595355384467
EUR,1992-06-10,1.423,0.0
EUR,1992-06-11,1.425,0.0014054813773718422
EUR,1992-06-12,1.426,0.00070175438596487
EUR,1992-06-15,1.423,-0.0021037868162692153
EUR,1992-06-16,1.423,0.0
EUR,1992-06-17,1.425,0.0014054813773718422
EUR,1992-06-18,1.425,0.0
EUR,1992-06-19,1.426,0.00070175438596487
EUR,1992-06-22,1.422,-0.0028050490883591017
EUR,1992-06-23,1.423,0.0007032348804500987
EUR,1992-06-24,1.42,-0.0021082220660576523
EUR,1992-06-25,1.422,0.0014084507042253502
EUR,1992-06-26,1.419,-0.002109704641350185
EUR,1992-06-29,1.413,-0.0042283298097252064
EUR,1992-06-30,1.416,0.002123142250530785
EUR,1992-07-01,1.416,0.0
EUR,1992-07-02,1.417,0.0007062146892655718
EUR,1992-07-03,1.415,-0.0014114326040931546
EUR,1992-07-06,1.411,-0.002826855123674865
EUR,1992-07-07,1.407,-0.0028348688873139904
EUR,1992-07-08,1.404,-0.002132196162046962
EUR,1992-07-09,1.405,0.0007122507122507837
EUR,1992-07-10,1.405,0.0
EUR,1992-07-13,1.395,-0.007117437722419906
EUR,1992-07-14,1.398,0.0021505376344084226
EUR,1992-07-15,1.399,0.0007153075822603494
EUR,1992-07-16,1.406,0.005003573981415155
EUR,1992-07-17,1.397,-0.006401137980085236
EUR,1992-07-20,1.398,0.0007158196134573469
EUR,1992-07-21,1.393,-0.003576537911301747
EUR,1992-07-22,1.391,-0.001435750179468731
EUR,1992-07-23,1.391,0.0
EUR,1992-07-24,1.397,0.004313443565780117
EUR,1992-07-27,1.394,-0.0021474588403722628
EUR,1992-07-28,1.394,0.0
EUR,1992-07-29,1.395,0.0007173601147776321
EUR,1992-07-30,1.395,0.0
EUR,1992-07-31,1.393,-0.0014336917562723928
EUR,1992-08-03,1.391,-0.001435750179468731
EUR,1992-08-04,1.391,0.0
EUR,1992-08-05,1.386,-0.0035945363048167644
EUR,1992-08-06,1.387,0.0007215007215009006
EUR,1992-08-07,1.388,0.0007209805335255393
EUR,1992-08-10,1.387,-0.0007204610951008217
EUR,1992-08-11,1.388,0.0007209805335255393
EUR,1992-08-12,1.387,-0.0007204610951008217
EUR,1992-08-13,1.383,-0.002883922134102379
EUR,1992-08-14,1.384,0.000723065798987621
EUR,1992-08-17,1.385,0.0007225433526012459
EUR,1992-08-18,1.382,-0.0021660649819494893
EUR,1992-08-19,1.384,0.0014471780028944004
EUR,1992-08-20,1.382,-0.0014450867052022698
EUR,1992-08-21,1.377,-0.003617945007235779
EUR,1992-08-24,1.382,0.0036310820624545492
EUR,1992-08-25,1.378,-0.0028943560057886897
EUR,1992-08-26,1.381,0.002177068214804123
EUR,1992-08-27,1.381,0.0
EUR,1992-08-28,1.383,0.0014482259232440065
EUR,1992-08-31,1.38,-0.002169197396963196
EUR,1992-09-01,1.377,-0.0021739130434781373
EUR,1992-09-02,1.378,0.000726216412490821
EUR,1992-09-03,1.386,0.005805515239477588
EUR,1992-09-04,1.382,-0.0028860028860029363
EUR,1992-09-07,1.381,-0.0007235890014470892
EUR,1992-09-08,1.379,-0.0014482259232440065
EUR,1992-09-09,1.378,-0.0007251631617114507
EUR,1992-09-10,1.375,-0.002177068214804012
EUR,1992-09-11,1.378,0.0021818181818180626
EUR,1992-09-14,1.393,0.010885341074020394
EUR,1992-09-15,1.38,-0.00933237616654714
EUR,1992-09-16,1.372,-0.005797101449275255
EUR,1992-09-17,1.346,-0.01895043731778423
EUR,1992-09-18,1.334,-0.008915304606240682
EUR,1992-09-21,1.295,-0.029235382308845703
EUR,1992-09-22,1.308,0.010038610038610063
EUR,1992-09-23,1.312,0.003058103975535076
EUR,1992-09-24,1.305,-0.00533536585365868
EUR,1992-09-25,1.295,-0.007662835249042099
EUR,1992-09-28,1.279,-0.01235521235521242
EUR,1992-09-29,1.287,0.006254886630179923
EUR,1992-09-30,1.287,0.0
EUR,1992-10-01,1.264,-0.017871017871017747
EUR,1992-10-02,1.254,-0.007911392405063333
EUR,1992-10-05,1.256,0.0015948963317384823
EUR,1992-10-06,1.255,-0.0007961783439491832
EUR,1992-10-07,1.273,0.014342629482071656
EUR,1992-10-08,1.278,0.003927729772191801
EUR,1992-10-09,1.289,0.008607198748043832
EUR,1992-10-12,1.286,-0.002327385570209395
EUR,1992-10-13,1.288,0.0015552099533437946
EUR,1992-10-14,1.275,-0.010093167701863415
EUR,1992-10-15,1.261,-0.01098039215686275
EUR,1992-10-16,1.252,-0.007137192704202877
EUR,1992-10-19,1.248,-0.0031948881789137795
EUR,1992-10-20,1.257,0.007211538461538325
EUR,1992-10-21,1.248,-0.007159904534606132
EUR,1992-10-22,1.25,0.0016025641025640969
EUR,1992-10-23,1.264,0.011200000000000099
EUR,1992-10-26,1.236,-0.022151898734177222
EUR,1992-10-27,1.229,-0.005663430420711935
EUR,1992-10-28,1.237,0.006509357200976451
EUR,1992-10-29,1.232,-0.004042037186742231
EUR,1992-10-30,1.224,-0.006493506493506551
EUR,1992-11-02,1.222,-0.0016339869281045694
EUR,1992-11-03,1.236,0.011456628477905184
EUR,1992-11-04,1.234,-0.0016181229773463146
EUR,1992-11-05,1.238,0.0032414910858995505
EUR,1992-11-06,1.242,0.003231017770597644
EUR,1992-11-09,1.229,-0.010466988727858229
EUR,1992-11-10,1.23,0.0008136696501219731
EUR,1992-11-11,1.232,0.001626016260162677
EUR,1992-11-12,1.231,-0.0008116883116882079
EUR,1992-11-13,1.24,0.007311129163281693
EUR,1992-11-16,1.233,-0.005645161290322442
EUR,1992-11-17,1.231,-0.0016220600162205612
EUR,1992-11-18,1.233,0.0016246953696181787
EUR,1992-11-19,1.234,0.000811030008110114
EUR,1992-11-20,1.228,-0.004862236628849326
EUR,1992-11-23,1.241,0.010586319218241158
EUR,1992-11-24,1.241,0.0
EUR,1992-11-25,1.236,-0.0040290088638196275
EUR,1992-11-26,1.239,0.0024271844660195274
EUR,1992-11-27,1.235,-0.0032284100080710587
EUR,1992-11-30,1.231,-0.0032388663967611864
EUR,1992-12-01,1.246,0.012185215272136452
EUR,1992-12-02,1.248,0.0016051364365972098
EUR,1992-12-03,1.262,0.011217948717948678
EUR,1992-12-04,1.263,0.0007923930269413404
EUR,1992-12-07,1.267,0.003167062549485289
EUR,1992-12-08,1.268,0.0007892659826362891
EUR,1992-12-09,1.256,-0.009463722397476393
EUR,1992-12-10,1.253,-0.0023885350318472165
EUR,1992-12-11,1.252,-0.0007980845969671746
EUR,1992-12-14,1.254,0.0015974440894568342
EUR,1992-12-15,1.253,-0.0007974481658693522
EUR,1992-12-16,1.253,0.0
EUR,1992-12-17,1.258,0.003990422984836428
EUR,1992-12-18,1.256,-0.0015898251192368873
EUR,1992-12-21,1.251,-0.003980891719745361
EUR,1992-12-22,1.25,-0.0007993605115906854
EUR,1992-12-23,1.246,-0.0031999999999999806
EUR,1992-12-24,1.25,0.0032102728731941976
EUR,1992-12-25,1.245,-0.0039999999999998925
EUR,1992-12-28,1.243,-0.0016064257028112205
EUR,1992-12-29,1.248,0.004022526146419958
EUR,1992-12-30,1.252,0.0032051282051281937
EUR,1992-12-31,1.254,0.0015974440894568342
EUR,1993-01-04,1.26,0.004784688995215225
EUR,1993-01-05,1.288,0.022222222222222143
EUR,1993-01-06,1.286,-0.0015527950310558758
EUR,1993-01-07,1.278,-0.0062208398133748455
EUR,1993-01-08,1.286,0.006259780907668322
EUR,1993-01-11,1.288,0.0015552099533437946
EUR,1993-01-12,1.282,-0.004658385093167738
EUR,1993-01-13,1.281,-0.0007800312012481436
EUR,1993-01-14,1.273,-0.006245120999219367
EUR,1993-01-15,1.274,0.0007855459544383603
EUR,1993-01-18,1.274,0.0
EUR,1993-01-19,1.269,-0.00392464678178972
EUR,1993-01-20,1.26,-0.007092198581560183
EUR,1993-01-21,1.252,-0.006349206349206327
EUR,1993-01-22,1.242,-0.007987220447284393
EUR,1993-01-25,1.252,0.008051529790660261
EUR,1993-01-26,1.238,-0.011182108626198062
EUR,1993-01-27,1.227,-0.008885298869143687
EUR,1993-01-28,1.231,0.0032599837000815146
EUR,1993-01-29,1.228,-0.002437043054427379
EUR,1993-02-01,1.223,-0.004071661237784907
EUR,1993-02-02,1.213,-0.00817661488143906
EUR,1993-02-03,1.214,0.0008244023083263663
EUR,1993-02-04,1.225,0.009060955518945812
EUR,1993-02-05,1.23,0.004081632653061051
EUR,1993-02-08,1.221,-0.007317073170731603
EUR,1993-02-09,1.214,-0.005733005733005836
EUR,1993-02-10,1.214,0.0
EUR,1993-02-11,1.208,-0.0049423393739703725
EUR,1993-02-12,1.21,0.0016556291390728006
EUR,1993-02-15,1.21,0.0
EUR,1993-02-16,1.214,0.0033057851239668423
EUR,1993-02-17,1.21,-0.0032948929159802853
EUR,1993-02-18,1.216,0.0049586776859504855
EUR,1993-02-19,1.225,0.0074013157894736725
EUR,1993-02-22,1.221,-0.0032653061224490187
EUR,1993-02-23,1.22,-0.0008190008190008813
EUR,1993-02-24,1.203,-0.013934426229508134
EUR,1993-02-25,1.211,0.006650041562759723
EUR,1993-02-26,1.209,-0.0016515276630884035
EUR,1993-03-01,1.226,0.014061207609594728
EUR,1993-03-02,1.223,-0.002446982055464786
EUR,1993-03-03,1.229,0.004905968928863524
EUR,1993-03-04,1.228,-0.0008136696501221952
EUR,1993-03-05,1.238,0.008143322475570036
EUR,1993-03-08,1.233,-0.0040387722132471104
EUR,1993-03-09,1.235,0.0016220600162206722
EUR,1993-03-10,1.23,-0.004048582995951455
EUR,1993-03-11,1.225,-0.004065040650406471
EUR,1993-03-12,1.23,0.004081632653061051
EUR,1993-03-15,1.231,0.0008130081300814496
EUR,1993-03-16,1.242,0.008935824532900094
EUR,1993-03-17,1.245,0.0024154589371980784
EUR,1993-03-18,1.258,0.010441767068273045
EUR,1993-03-19,1.258,0.0
EUR,1993-03-22,1.256,-0.0015898251192368873
EUR,1993-03-23,1.248,-0.006369426751592355
EUR,1993-03-24,1.248,0.0
EUR,1993-03-25,1.249,0.0008012820512821595
EUR,1993-03-26,1.252,0.0024019215372297342
EUR,1993-03-29,1.252,0.0
EUR,1993-03-30,1.246,-0.004792332268370614
EUR,1993-03-31,1.255,0.007223113964687
EUR,1993-04-01,1.257,0.0015936254980080111
EUR,1993-04-02,1.252,-0.003977724741447752
EUR,1993-04-05,1.25,-0.0015974440894568342
EUR,1993-04-06,1.254,0.0032000000000000917
EUR,1993-04-07,1.26,0.004784688995215225
EUR,1993-04-08,1.26,0.0
EUR,1993-04-09,1.26,0.0
EUR,1993-04-12,1.266,0.004761904761904745
EUR,1993-04-13,1.265,-0.0007898894154819702
EUR,1993-04-14,1.272,0.005533596837944854
EUR,1993-04-15,1.268,-0.0031446540880503138
EUR,1993-04-16,1.265,-0.0023659305993691815
EUR,1993-04-19,1.265,0.0
EUR,1993-04-20,1.268,0.002371541501976271
EUR,1993-04-21,1.263,-0.0039432176656152285
EUR,1993-04-22,1.275,0.009501187648456089
EUR,1993-04-23,1.277,0.0015686274509802978
EUR,1993-04-26,1.275,-0.001566170712607673
EUR,1993-04-27,1.278,0.0023529411764706687
EUR,1993-04-28,1.27,-0.006259780907668211
EUR,1993-04-29,1.271,0.0007874015748030594
EUR,1993-04-30,1.276,0.003933910306845201
EUR,1993-05-03,1.265,-0.008620689655172487
EUR,1993-05-04,1.264,-0.0007905138339919793
EUR,1993-05-05,1.265,0.0007911392405062223
EUR,1993-05-06,1.272,0.005533596837944854
EUR,1993-05-07,1.272,0.0
EUR,1993-05-10,1.261,-0.008647798742138502
EUR,1993-05-11,1.267,0.004758128469468659
EUR,1993-05-12,1.263,-0.0031570639305446013
EUR,1993-05-13,1.262,-0.0007917656373712667
EUR,1993-05-14,1.263,0.0007923930269413404
EUR,1993-05-17,1.268,0.003958828186856778
EUR,1993-05-18,1.274,0.004731861198738141
EUR,1993-05-19,1.28,0.0047095761381474865
EUR,1993-05-20,1.286,0.004687499999999956
EUR,1993-05-21,1.279,-0.005443234836703059
EUR,1993-05-24,1.284,0.00390930414386248
EUR,1993-05-25,1.283,-0.0007788161993770304
EUR,1993-05-26,1.287,0.003117692907248726
EUR,1993-05-27,1.283,-0.0031080031080030768
EUR,1993-05-28,1.27,-0.01013250194855797
EUR,1993-05-31,1.276,0.0047244094488188
EUR,1993-06-01,1.264,-0.009404388714733591
EUR,1993-06-02,1.262,-0.0015822784810126667
EUR,1993-06-03,1.267,0.003961965134706702
EUR,1993-06-04,1.257,-0.007892659826361448
EUR,1993-06-07,1.264,0.005568814638027053
EUR,1993-06-08,1.263,-0.0007911392405064444
EUR,1993-06-09,1.267,0.003167062549485289
EUR,1993-06-10,1.274,0.005524861878453136
EUR,1993-06-11,1.267,-0.005494505494505586
EUR,1993-06-14,1.271,0.0031570639305444903
EUR,1993-06-15,1.276,0.003933910306845201
EUR,1993-06-16,1.275,-0.0007836990595612159
EUR,1993-06-17,1.283,0.006274509803921635
EUR,1993-06-18,1.284,0.000779423226812348
EUR,1993-06-21,1.282,-0.0015576323987539498
EUR,1993-06-22,1.279,-0.002340093603744209
EUR,1993-06-23,1.273,-0.004691164972634887
EUR,1993-06-24,1.28,0.005498821681068522
EUR,1993-06-25,1.288,0.006250000000000089
EUR,1993-06-28,1.295,0.005434782608695565
EUR,1993-06-29,1.304,0.006949806949807069
EUR,1993-06-30,1.298,-0.004601226993865004
EUR,1993-07-01,1.311,0.01001540832049308
EUR,1993-07-02,1.306,-0.0038138825324178782
EUR,1993-07-05,1.308,0.0015313935681469104
EUR,1993-07-06,1.309,0.000764525993883769
EUR,1993-07-07,1.302,-0.005347593582887611
EUR,1993-07-08,1.304,0.001536098310291889
EUR,1993-07-09,1.307,0.0023006134969323355
EUR,1993-07-12,1.31,0.002295332823259555
EUR,1993-07-13,1.318,0.006106870229007688
EUR,1993-07-14,1.322,0.003034901365705611
EUR,1993-07-15,1.316,-0.004538577912254205
EUR,1993-07-16,1.313,-0.0022796352583587254
EUR,1993-07-19,1.315,0.0015232292460014563
EUR,1993-07-20,1.32,0.0038022813688214363
EUR,1993-07-21,1.322,0.0015151515151514694
EUR,1993-07-22,1.327,0.003782148260211615
EUR,1993-07-23,1.334,0.005275056518462717
EUR,1993-07-26,1.333,-0.0007496251874063997
EUR,1993-07-27,1.324,-0.006751687921980443
EUR,1993-07-28,1.323,-0.0007552870090635766
EUR,1993-07-29,1.329,0.0045351473922903285
EUR,1993-07-30,1.355,0.019563581640331007
EUR,1993-08-02,1.352,-0.0022140221402213722
EUR,1993-08-03,1.343,-0.006656804733727872
EUR,1993-08-04,1.334,-0.006701414743112366
EUR,1993-08-05,1.335,0.0007496251874061777
EUR,1993-08-06,1.33,-0.0037453183520598232
EUR,1993-08-09,1.331,0.0007518796992480592
EUR,1993-08-10,1.323,-0.006010518407212673
EUR,1993-08-11,1.325,0.0015117157974300355
EUR,1993-08-12,1.318,-0.005283018867924483
EUR,1993-08-13,1.314,-0.003034901365705611
EUR,1993-08-16,1.322,0.0060882800608828
EUR,1993-08-17,1.322,0.0
EUR,1993-08-18,1.335,0.009833585476550555
EUR,1993-08-19,1.329,-0.004494382022471877
EUR,1993-08-20,1.326,-0.0022573363431150906
EUR,1993-08-23,1.326,0.0
EUR,1993-08-24,1.315,-0.008295625942684848
EUR,1993-08-25,1.308,-0.005323193916349722
EUR,1993-08-26,1.324,0.012232415902140747
EUR,1993-08-27,1.316,-0.0060422960725075026
EUR,1993-08-30,1.312,-0.003039513677811523
EUR,1993-08-31,1.311,-0.0007621951219513035
EUR,1993-09-01,1.313,0.0015255530129671957
EUR,1993-09-02,1.305,-0.006092916984006047
EUR,1993-09-03,1.314,0.006896551724137945
EUR,1993-09-06,1.3,-0.010654490106544956
EUR,1993-09-07,1.314,0.010769230769230864
EUR,1993-09-08,1.317,0.0022831050228309113
EUR,1993-09-09,1.312,-0.0037965072133636646
EUR,1993-09-10,1.308,-0.0030487804878048808
EUR,1993-09-13,1.303,-0.003822629969419067
EUR,1993-09-14,1.306,0.00230237912509601
EUR,1993-09-15,1.301,-0.003828483920367609
EUR,1993-09-16,1.293,-0.006149116064565696
EUR,1993-09-17,1.301,0.006187161639597871
EUR,1993-09-20,1.296,-0.003843197540353449
EUR,1993-09-21,1.288,-0.006172839506172867
EUR,1993-09-22,1.3,0.009316770186335477
EUR,1993-09-23,1.297,-0.002307692307692344
EUR,1993-09-24,1.297,0.0
EUR,1993-09-27,1.295,-0.0015420200462605838
EUR,1993-09-28,1.286,-0.006949806949806847
EUR,1993-09-29,1.283,-0.002332814930015692
EUR,1993-09-30,1.287,0.003117692907248726
EUR,1993-10-01,1.295,0.0062160062160061536
EUR,1993-10-04,1.295,0.0
EUR,1993-10-05,1.3,0.0038610038610038533
EUR,1993-10-06,1.306,0.004615384615384688
EUR,1993-10-07,1.307,0.0007656967840734552
EUR,1993-10-08,1.303,-0.003060443764345888
EUR,1993-10-11,1.301,-0.0015349194167306734
EUR,1993-10-12,1.293,-0.006149116064565696
EUR,1993-10-13,1.289,-0.0030935808197989356
EUR,1993-10-14,1.294,0.0038789759503492505
EUR,1993-10-15,1.292,-0.0015455950540957941
EUR,1993-10-18,1.286,-0.004643962848297267
EUR,1993-10-19,1.288,0.0015552099533437946
EUR,1993-10-20,1.291,0.0023291925465838137
EUR,1993-10-21,1.298,0.005422153369481153
EUR,1993-10-22,1.292,-0.0046224961479198745
EUR,1993-10-25,1.302,0.007739938080495445
EUR,1993-10-26,1.299,-0.0023041474654378336
EUR,1993-10-27,1.301,0.0015396458814471714
EUR,1993-10-28,1.304,0.002305918524212247
EUR,1993-10-29,1.305,0.0007668711656441118
EUR,1993-11-01,1.313,0.006130268199233679
EUR,1993-11-02,1.305,-0.006092916984006047
EUR,1993-11-03,1.31,0.003831417624521105
USD,1990-01-02,1.609,0.2282442748091602
USD,1990-01-03,1.61,0.0006215040397763438
USD,1990-01-04,1.638,0.017391304347825987
USD,1990-01-05,1.635,-0.001831501831501714
USD,1990-01-08,1.654,0.01162079510703351
USD,1990-01-09,1.657,0.0018137847642081262
USD,1990-01-10,1.662,0.0030175015087507973
USD,1990-01-11,1.659,-0.0018050541516244634
USD,1990-01-12,1.661,0.0012055455093429313
USD,1990-01-15,1.656,-0.003010234798314304
USD,1990-01-16,1.659,0.0018115942028986698
USD,1990-01-17,1.653,-0.003616636528028905
USD,1990-01-18,1.644,-0.005444646098003658
USD,1990-01-19,1.645,0.0006082725060827521
USD,1990-01-22,1.637,-0.004863221884498503
USD,1990-01-23,1.656,0.011606597434331123
USD,1990-01-24,1.654,-0.0012077294685990392
USD,1990-01-25,1.66,0.0036275695284160303
USD,1990-01-26,1.664,0.002409638554216942
USD,1990-01-29,1.68,0.009615384615384581
USD,1990-01-30,1.671,-0.005357142857142838
USD,1990-01-31,1.678,0.00418910831837227
USD,1990-02-01,1.684,0.0035756853396902155
USD,1990-02-02,1.683,-0.00059382422802845
USD,1990-02-05,1.701,0.010695187165775444
USD,1990-02-06,1.703,0.0011757789535566943
USD,1990-02-07,1.695,-0.004697592483852042
USD,1990-02-08,1.694,-0.0005899705014750234
USD,1990-02-09,1.697,0.0017709563164109987
USD,1990-02-12,1.693,-0.0023571007660577736
USD,1990-02-13,1.692,-0.0005906674542233148
USD,1990-02-14,1.695,0.0017730496453900457
USD,1990-02-15,1.686,-0.005309734513274433
USD,1990-02-16,1.699,0.007710557532621731
USD,1990-02-19,1.705,0.0035314891112419033
USD,1990-02-20,1.712,0.004105571847507372
USD,1990-02-21,1.713,0.0005841121495326895
USD,1990-02-22,1.713,0.0
USD,1990-02-23,1.708,-0.0029188558085231353
USD,1990-02-26,1.693,-0.008782201405152179
USD,1990-02-27,1.689,-0.002362669816893037
USD,1990-02-28,1.676,-0.007696862048549469
USD,1990-03-01,1.664,-0.007159904534606243
USD,1990-03-02,1.647,-0.010216346153846145
USD,1990-03-05,1.643,-0.0024286581663630624
USD,1990-03-06,1.647,0.002434570906877598
USD,1990-03-07,1.651,0.0024286581663630624
USD,1990-03-08,1.64,-0.0066626287098728865
USD,1990-03-09,1.616,-0.014634146341463317
USD,1990-03-12,1.612,-0.0024752475247524774
USD,1990-03-13,1.61,-0.001240694789081842
USD,1990-03-14,1.611,0.0006211180124222615
USD,1990-03-15,1.622,0.006828057107386876
USD,1990-03-16,1.619,-0.0018495684340321672
USD,1990-03-19,1.615,-0.002470660901791266
USD,1990-03-20,1.6,-0.009287925696594312
USD,1990-03-21,1.595,-0.0031250000000000444
USD,1990-03-22,1.604,0.005642633228840177
USD,1990-03-23,1.601,-0.0018703241895262623
USD,1990-03-26,1.618,0.010618363522798324
USD,1990-03-27,1.625,0.00432632880098871
USD,1990-03-28,1.627,0.0012307692307691465
USD,1990-03-29,1.644,0.010448678549477508
USD,1990-03-30,1.645,0.0006082725060827521
USD,1990-04-02,1.634,-0.006686930091185483
USD,1990-04-03,1.636,0.001223990208078396
USD,1990-04-04,1.64,0.0024449877750611915
USD,1990-04-05,1.644,0.0024390243902439046
USD,1990-04-06,1.64,-0.0024330900243308973
USD,1990-04-09,1.634,-0.003658536585365857
USD,1990-04-10,1.646,0.007343941248469932
USD,1990-04-11,1.643,-0.0018226002430132837
USD,1990-04-12,1.641,-0.001217285453438799
USD,1990-04-13,1.638,-0.001828153564899515
USD,1990-04-16,1.63,-0.004884004884004867
USD,1990-04-17,1.637,0.004294478527607337
USD,1990-04-18,1.639,0.0012217470983506562
USD,1990-04-19,1.644,0.003050640634533197
USD,1990-04-20,1.638,-0.0036496350364964014
USD,1990-04-23,1.634,-0.0024420024420024333
USD,1990-04-24,1.634,0.0
USD,1990-04-25,1.639,0.003059975520195879
USD,1990-04-26,1.634,-0.003050640634533308
USD,1990-04-27,1.632,-0.001223990208078285
USD,1990-04-30,1.641,0.005514705882353033
USD,1990-05-01,1.644,0.001828153564899404
USD,1990-05-02,1.642,-0.0012165450121655041
USD,1990-05-03,1.639,-0.0018270401948842219
USD,1990-05-04,1.663,0.014643075045759568
USD,1990-05-07,1.668,0.0030066145520144527
USD,1990-05-08,1.671,0.0017985611510791255
USD,1990-05-09,1.677,0.0035906642728904536
USD,1990-05-10,1.68,0.0017889087656528524
USD,1990-05-11,1.679,-0.0005952380952379821
USD,1990-05-14,1.682,0.0017867778439546456
USD,1990-05-15,1.674,-0.0047562425683710385
USD,1990-05-16,1.678,0.002389486260454099
USD,1990-05-17,1.694,0.009535160905840279
USD,1990-05-18,1.69,-0.0023612750885477762
USD,1990-05-21,1.686,-0.002366863905325478
USD,1990-05-22,1.692,0.003558718861210064
USD,1990-05-23,1.691,-0.0005910165484632746
USD,1990-05-24,1.686,-0.002956830277942135
USD,1990-05-25,1.691,0.0029655990510084607
USD,1990-05-28,1.695,0.0023654642223536193
USD,1990-05-29,1.696,0.0005899705014749124
USD,1990-05-30,1.693,-0.001768867924528239
USD,1990-05-31,1.678,-0.008860011813349167
USD,1990-06-01,1.681,0.0017878426698452188
USD,1990-06-04,1.681,0.0
USD,1990-06-05,1.687,0.0035693039857227493
USD,1990-06-06,1.688,0.0005927682276229973
USD,1990-06-07,1.689,0.0005924170616113944
USD,1990-06-08,1.685,-0.002368265245707546
USD,1990-06-11,1.686,0.0005934718100890635
USD,1990-06-12,1.703,0.010083036773428367
USD,1990-06-13,1.711,0.004697592483851931
USD,1990-06-14,1.708,-0.001753360607831711
USD,1990-06-15,1.71,0.0011709601873535203
USD,1990-06-18,1.715,0.0029239766081872176
USD,1990-06-19,1.721,0.003498542274052552
USD,1990-06-20,1.722,0.0005810575246949501
USD,1990-06-21,1.72,-0.0011614401858304202
USD,1990-06-22,1.733,0.007558139534883823
USD,1990-06-25,1.731,-0.0011540680900172795
USD,1990-06-26,1.742,0.006354708261120612
USD,1990-06-27,1.742,0.0
USD,1990-06-28,1.739,-0.00172215843857626
USD,1990-06-29,1.749,0.005750431282346202
USD,1990-07-02,1.777,0.016009148084619618
USD,1990-07-03,1.777,0.0
USD,1990-07-04,1.784,0.003939223410241999
USD,1990-07-05,1.782,-0.0011210762331838042
USD,1990-07-06,1.787,0.0028058361391694042
USD,1990-07-09,1.809,0.01231113598209288
USD,1990-07-10,1.824,0.008291873963515828
USD,1990-07-11,1.8,-0.013157894736842146
USD,1990-07-12,1.813,0.007222222222222241
USD,1990-07-13,1.8,-0.007170435741864267
USD,1990-07-16,1.804,0.0022222222222221255
USD,1990-07-17,1.817,0.007206208425720506
USD,1990-07-18,1.817,0.0
USD,1990-07-19,1.815,-0.0011007154650523043
USD,1990-07-20,1.819,0.002203856749311228
USD,1990-07-23,1.825,0.0032985156679494754
USD,1990-07-24,1.813,-0.00657534246575342
USD,1990-07-25,1.811,-0.0011031439602867676
USD,1990-07-26,1.815,0.002208724461623346
USD,1990-07-27,1.838,0.012672176308540006
USD,1990-07-30,1.842,0.0021762785636560977
USD,1990-07-31,1.864,0.011943539630836053
USD,1990-08-01,1.857,-0.003755364806867001
USD,1990-08-02,1.855,-0.001077005923532548
USD,1990-08-03,1.86,0.0026954177897575704
USD,1990-08-06,1.874,0.007526881720430145
USD,1990-08-07,1.872,-0.0010672358591248265
USD,1990-08-08,1.871,-0.0005341880341881433
USD,1990-08-09,1.869,-0.001068947087119243
USD,1990-08-10,1.874,0.002675227394328683
USD,1990-08-13,1.885,0.005869797225186657
USD,1990-08-14,1.898,0.006896551724137945
USD,1990-08-15,1.9,0.0010537407797681642
USD,1990-08-16,1.909,0.00473684210526315
USD,1990-08-17,1.923,0.007333682556312171
USD,1990-08-20,1.913,-0.005200208008320328
USD,1990-08-21,1.911,-0.001045478306325176
USD,1990-08-22,1.924,0.006802721088435382
USD,1990-08-23,1.956,0.016632016632016633
USD,1990-08-24,1.944,-0.006134969325153339
USD,1990-08-27,1.949,0.002572016460905324
USD,1990-08-28,1.943,-0.0030785017957927208
USD,1990-08-29,1.944,0.0005146680391148184
USD,1990-08-30,1.923,-0.010802469135802406
USD,1990-08-31,1.891,-0.01664066562662503
USD,1990-09-03,1.872,-0.010047593865679438
USD,1990-09-04,1.88,0.004273504273504258
USD,1990-09-05,1.905,0.013297872340425565
USD,1990-09-06,1.911,0.0031496062992126816
USD,1990-09-07,1.892,-0.009942438513867113
USD,1990-09-10,1.858,-0.017970401691331794
USD,1990-09-11,1.858,0.0
USD,1990-09-12,1.859,0.0005382131324003225
USD,1990-09-13,1.863,0.002151694459386677
USD,1990-09-14,1.896,0.017713365539452353
USD,1990-09-17,1.914,0.009493670886076
USD,1990-09-18,1.912,-0.0010449320794148065
USD,1990-09-19,1.885,-0.014121338912133852
USD,1990-09-20,1.876,-0.004774535809018654
USD,1990-09-21,1.844,-0.01705756929637514
USD,1990-09-24,1.862,0.009761388286334105
USD,1990-09-25,1.867,0.0026852846401717034
USD,1990-09-26,1.872,0.0026780931976433386
USD,1990-09-27,1.877,0.0026709401709401615
USD,1990-09-28,1.876,-0.0005327650506127268
USD,1990-10-01,1.884,0.004264392324093924
USD,1990-10-02,1.894,0.005307855626327074
USD,1990-10-03,1.901,0.0036958817317847004
USD,1990-10-04,1.915,0.007364544976328213
USD,1990-10-05,1.957,0.02193211488250646
USD,1990-10-08,1.977,0.010219724067450198
USD,1990-10-09,1.973,-0.002023267577137111
USD,1990-10-10,1.966,-0.00354789660415622
USD,1990-10-11,1.979,0.006612410986775341
USD,1990-10-12,1.968,-0.005558362809499839
USD,1990-10-15,1.949,-0.009654471544715437
USD,1990-10-16,1.965,0.008209338122113996
USD,1990-10-17,1.962,-0.0015267175572519776
USD,1990-10-18,1.97,0.004077471967380175
USD,1990-10-19,1.959,-0.005583756345177604
USD,1990-10-22,1.944,-0.007656967840735107
USD,1990-10-23,1.943,-0.0005144032921809982
USD,1990-10-24,1.956,0.006690684508491973
USD,1990-10-25,1.951,-0.002556237218813817
USD,1990-10-26,1.958,0.0035879036391592845
USD,1990-10-29,1.95,-0.0040858018386108474
USD,1990-10-30,1.957,0.0035897435897436214
USD,1990-10-31,1.943,-0.007153806847215116
USD,1990-11-01,1.946,0.0015440041173442332
USD,1990-11-02,1.959,0.0066803699897226565
USD,1990-11-05,1.974,0.007656967840734996
USD,1990-11-06,1.965,-0.004559270516717229
USD,1990-11-07,1.969,0.0020356234096692294
USD,1990-11-08,1.965,-0.002031488065007636
USD,1990-11-09,1.966,0.0005089058524172518
USD,1990-11-12,1.967,0.0005086469989827869
USD,1990-11-13,1.963,-0.0020335536349771477
USD,1990-11-14,1.961,-0.0010188487009679115
USD,1990-11-15,1.958,-0.0015298317185110655
USD,1990-11-16,1.966,0.004085801838610736
USD,1990-11-19,1.974,0.004069175991861629
USD,1990-11-20,1.966,-0.004052684903748771
USD,1990-11-21,1.97,0.0020345879959309254
USD,1990-11-22,1.971,0.0005076142131981154
USD,1990-11-23,1.967,-0.0020294266869609334
USD,1990-11-26,1.969,0.0010167768174884628
USD,1990-11-27,1.982,0.006602336211274817
USD,1990-11-28,1.968,-0.007063572149344055
USD,1990-11-29,1.944,-0.012195121951219523
USD,1990-11-30,1.944,0.0
USD,1990-12-03,1.919,-0.012860082304526732
USD,1990-12-04,1.931,0.0062532569046378494
USD,1990-12-05,1.927,-0.0020714655618850886
USD,1990-12-06,1.939,0.0062272963155163286
USD,1990-12-07,1.953,0.0072202166064982976
USD,1990-12-10,1.944,-0.004608294930875667
USD,1990-12-11,1.938,-0.0030864197530864335
USD,1990-12-12,1.95,0.006191950464396356
USD,1990-12-13,1.945,-0.002564102564102555
USD,1990-12-14,1.938,-0.0035989717223651185
USD,1990-12-17,1.931,-0.00361197110423106
USD,1990-12-18,1.943,0.006214396685655155
USD,1990-12-19,1.931,-0.006176016469377266
USD,1990-12-20,1.893,-0.019678922837907842
USD,1990-12-21,1.886,-0.00369783412572644
USD,1990-12-24,1.868,-0.00954400848356296
USD,1990-12-25,1.874,0.0032119914346895317
USD,1990-12-26,1.882,0.004268943436499306
USD,1990-12-27,1.89,0.004250797024442088
USD,1990-12-28,1.928,0.020105820105820182
USD,1990-12-31,1.934,0.003112033195020736
USD,1991-01-02,1.945,0.0056876938986556436
USD,1991-01-03,1.947,0.0010282776349614942
USD,1991-01-04,1.935,-0.006163328197226536
USD,1991-01-07,1.903,-0.016537467700258435
USD,1991-01-08,1.898,-0.0026274303730952075
USD,1991-01-09,1.899,0.0005268703898841931
USD,1991-01-10,1.913,0.007372301211163723
USD,1991-01-11,1.908,-0.00261369576581294
USD,1991-01-14,1.904,-0.002096436058700246
USD,1991-01-15,1.909,0.002626050420168058
USD,1991-01-16,1.905,-0.002095337873232017
USD,1991-01-17,1.933,0.014698162729658737
USD,1991-01-18,1.95,0.008794619762027889
USD,1991-01-21,1.955,0.002564102564102555
USD,1991-01-22,1.945,-0.005115089514066473
USD,1991-01-23,1.96,0.007712082262210762
USD,1991-01-24,1.957,-0.001530612244897922
USD,1991-01-25,1.957,0.0
USD,1991-01-28,1.965,0.004087889626980035
USD,1991-01-29,1.959,-0.003053435114503844
USD,1991-01-30,1.963,0.0020418580908627693
USD,1991-01-31,1.966,0.0015282730514518672
USD,1991-02-01,1.976,0.0050864699898269805
USD,1991-02-04,1.981,0.0025303643724696734
USD,1991-02-05,1.992,0.005552751135790013
USD,1991-02-06,2.004,0.006024096385542244
USD,1991-02-07,1.991,-0.006487025948103797
USD,1991-02-08,1.989,-0.001004520341536863
USD,1991-02-11,1.998,0.004524886877828038
USD,1991-02-12,1.99,-0.004004004004004025
USD,1991-02-13,1.984,-0.0030150753768843908
USD,1991-02-14,1.98,-0.0020161290322581182
USD,1991-02-15,1.967,-0.006565656565656552
USD,1991-02-18,1.963,-0.0020335536349771477
USD,1991-02-19,1.951,-0.006113092205807469
USD,1991-02-20,1.95,-0.0005125576627371675
USD,1991-02-21,1.957,0.0035897435897436214
USD,1991-02-22,1.944,-0.006642820643842695
USD,1991-02-25,1.926,-0.0092592592592593
USD,1991-02-26,1.92,-0.0031152647975077885
USD,1991-02-27,1.918,-0.0010416666666667185
USD,1991-02-28,1.912,-0.0031282586027111536
USD,1991-03-01,1.896,-0.008368200836820106
USD,1991-03-04,1.9,0.0021097046413502962
USD,1991-03-05,1.892,-0.004210526315789442
USD,1991-03-06,1.896,0.0021141649048626032
USD,1991-03-07,1.89,-0.0031645569620253333
USD,1991-03-08,1.865,-0.013227513227513144
USD,1991-03-11,1.85,-0.008042895442359144
USD,1991-03-12,1.863,0.007027027027026955
USD,1991-03-13,1.862,-0.0005367686527105731
USD,1991-03-14,1.852,-0.00537056928034374
USD,1991-03-15,1.821,-0.0167386609071275
USD,1991-03-18,1.794,-0.014827018121911006
USD,1991-03-19,1.78,-0.0078037904124860225
USD,1991-03-20,1.786,0.003370786516853963
USD,1991-03-21,1.799,0.007278835386338223
USD,1991-03-22,1.784,-0.008337965536409087
USD,1991-03-25,1.749,-0.019618834080717407
USD,1991-03-26,1.76,0.0062893081761006275
USD,1991-03-27,1.743,-0.009659090909090895
USD,1991-03-28,1.741,-0.0011474469305794432
USD,1991-03-29,1.747,0.003446295232624852
USD,1991-04-01,1.768,0.01202060675443617
USD,1991-04-02,1.778,0.005656108597285048
USD,1991-04-03,1.772,-0.003374578177727794
USD,1991-04-04,1.785,0.0073363431151241
USD,1991-04-05,1.767,-0.010084033613445342
USD,1991-04-08,1.766,-0.0005659309564232107
USD,1991-04-09,1.794,0.015855039637599155
USD,1991-04-10,1.774,-0.01114827201783719
USD,1991-04-11,1.791,0.009582863585118284
USD,1991-04-12,1.779,-0.00670016750418756
USD,1991-04-15,1.793,0.00786958965711082
USD,1991-04-16,1.79,-0.001673173452314547
USD,1991-04-17,1.786,-0.0022346368715083775
USD,1991-04-18,1.751,-0.019596864501679856
USD,1991-04-19,1.723,-0.01599086236436309
USD,1991-04-22,1.696,-0.015670342426001294
USD,1991-04-23,1.712,0.009433962264151052
USD,1991-04-24,1.7,-0.007009345794392496
USD,1991-04-25,1.692,-0.004705882352941226
USD,1991-04-26,1.691,-0.0005910165484632746
USD,1991-04-29,1.698,0.004139562389118723
USD,1991-04-30,1.734,0.021201413427561766
USD,1991-05-01,1.722,-0.00692041522491349
USD,1991-05-02,1.719,-0.0017421602787456303
USD,1991-05-03,1.693,-0.01512507271669572
USD,1991-05-06,1.711,0.010632014176019
USD,1991-05-07,1.727,0.009351256575102385
USD,1991-05-08,1.719,-0.00463231036479439
USD,1991-05-09,1.72,0.0005817335660267542
USD,1991-05-10,1.725,0.0029069767441860517
USD,1991-05-13,1.734,0.00521739130434784
USD,1991-05-14,1.746,0.006920415224913601
USD,1991-05-15,1.752,0.0034364261168384758
USD,1991-05-16,1.749,-0.001712328767123239
USD,1991-05-17,1.71,-0.022298456260720467
USD,1991-05-20,1.716,0.0035087719298245723
USD,1991-05-21,1.737,0.012237762237762295
USD,1991-05-22,1.728,-0.005181347150259086
USD,1991-05-23,1.734,0.003472222222222321
USD,1991-05-24,1.735,0.0005767012687427631
USD,1991-05-27,1.735,0.0
USD,1991-05-28,1.748,0.007492795389048901
USD,1991-05-29,1.727,-0.012013729977116694
USD,1991-05-30,1.714,-0.007527504342791036
USD,1991-05-31,1.698,-0.009334889148191361
USD,1991-06-03,1.698,0.0
USD,1991-06-04,1.7,0.0011778563015312216
USD,1991-06-05,1.694,-0.003529411764705892
USD,1991-06-06,1.687,-0.004132231404958664
USD,1991-06-07,1.671,-0.009484291641967957
USD,1991-06-10,1.671,0.0
USD,1991-06-11,1.659,-0.007181328545781018
USD,1991-06-12,1.645,-0.008438818565400852
USD,1991-06-13,1.634,-0.006686930091185483
USD,1991-06-14,1.633,-0.000611995104039087
USD,1991-06-17,1.628,-0.0030618493570117034
USD,1991-06-18,1.608,-0.012285012285012109
USD,1991-06-19,1.634,0.016169154228855565
USD,1991-06-20,1.632,-0.001223990208078285
USD,1991-06-21,1.625,-0.0042892156862744946
USD,1991-06-24,1.646,0.012923076923076815
USD,1991-06-25,1.632,-0.008505467800729027
USD,1991-06-26,1.639,0.004289215686274606
USD,1991-06-27,1.632,-0.004270896888346587
USD,1991-06-28,1.622,-0.006127450980392024
USD,1991-07-01,1.608,-0.008631319358816336
USD,1991-07-02,1.603,-0.003109452736318463
USD,1991-07-03,1.605,0.0012476606363069909
USD,1991-07-04,1.604,-0.0006230529595014911
USD,1991-07-05,1.616,0.007481296758104827
USD,1991-07-08,1.634,0.011138613861386037
USD,1991-07-09,1.622,-0.007343941248469932
USD,1991-07-10,1.622,0.0
USD,1991-07-11,1.606,-0.009864364981504337
USD,1991-07-12,1.649,0.026774595267745838
USD,1991-07-15,1.652,0.0018192844147968401
USD,1991-07-16,1.643,-0.005447941888619745
USD,1991-07-17,1.649,0.0036518563603165077
USD,1991-07-18,1.666,0.010309278350515427
USD,1991-07-19,1.694,0.01680672268907557
USD,1991-07-22,1.677,-0.010035419126328216
USD,1991-07-23,1.681,0.0023852116875373586
USD,1991-07-24,1.693,0.007138607971445499
USD,1991-07-25,1.674,-0.011222681630242204
USD,1991-07-26,1.683,0.005376344086021501
USD,1991-07-29,1.683,0.0
USD,1991-07-30,1.677,-0.0035650623885917776
USD,1991-07-31,1.685,0.004770423375074495
USD,1991-08-01,1.676,-0.005341246290801238
USD,1991-08-02,1.69,0.00835322195704058
USD,1991-08-05,1.71,0.01183431952662728
USD,1991-08-06,1.715,0.0029239766081872176
USD,1991-08-07,1.712,-0.001749271137026276
USD,1991-08-08,1.704,-0.004672897196261738
USD,1991-08-09,1.695,-0.005281690140845008
USD,1991-08-12,1.699,0.0023598820058996495
USD,1991-08-13,1.693,-0.0035314891112419033
USD,1991-08-14,1.685,-0.004725339633786185
USD,1991-08-15,1.672,-0.007715133531157381
USD,1991-08-16,1.658,-0.00837320574162681
USD,1991-08-19,1.625,-0.019903498190591007
USD,1991-08-20,1.645,0.012307692307692353
USD,1991-08-21,1.681,0.021884498480243098
USD,1991-08-22,1.691,0.005948839976204656
USD,1991-08-23,1.679,-0.007096392667060969
USD,1991-08-26,1.68,0.0005955926146514745
USD,1991-08-27,1.68,0.0
USD,1991-08-28,1.691,0.006547619047619024
USD,1991-08-29,1.685,-0.003548196333530429
USD,1991-08-30,1.681,-0.002373887240356032
USD,1991-09-02,1.684,0.0017846519928612636
USD,1991-09-03,1.695,0.0065320665083135054
USD,1991-09-04,1.695,0.0
USD,1991-09-05,1.694,-0.0005899705014750234
USD,1991-09-06,1.719,0.014757969303423879
USD,1991-09-09,1.733,0.008144269924374559
USD,1991-09-10,1.73,-0.0017311021350260303
USD,1991-09-11,1.734,0.0023121387283238093
USD,1991-09-12,1.731,-0.0017301038062282892
USD,1991-09-13,1.731,0.0
USD,1991-09-16,1.738,0.004043905257076874
USD,1991-09-17,1.742,0.0023014959723819395
USD,1991-09-18,1.728,-0.008036739380022917
USD,1991-09-19,1.729,0.0005787037037037202
USD,1991-09-20,1.732,0.001735106998264735
USD,1991-09-23,1.744,0.006928406466512715
USD,1991-09-24,1.727,-0.009747706422018276
USD,1991-09-25,1.736,0.005211349160393786
USD,1991-09-26,1.73,-0.003456221198156695
USD,1991-09-27,1.744,0.008092485549132888
USD,1991-09-30,1.749,0.0028669724770642446
USD,1991-10-01,1.746,-0.0017152658662092923
USD,1991-10-02,1.75,0.002290950744558984
USD,1991-10-03,1.752,0.0011428571428571122
USD,1991-10-04,1.738,-0.007990867579908634
USD,1991-10-07,1.735,-0.0017261219792864546
USD,1991-10-08,1.702,-0.019020172910662936
USD,1991-10-09,1.719,0.009988249118684012
USD,1991-10-10,1.714,-0.002908667830133882
USD,1991-10-11,1.723,0.0052508751458577585
USD,1991-10-14,1.713,-0.00580383052814859
USD,1991-10-15,1.7,-0.007589025102159974
USD,1991-10-16,1.707,0.004117647058823559
USD,1991-10-17,1.718,0.006444053895723334
USD,1991-10-18,1.726,0.00465657741559955
USD,1991-10-21,1.717,-0.005214368482039378
USD,1991-10-22,1.71,-0.004076878276062956
USD,1991-10-23,1.699,-0.006432748538011679
USD,1991-10-24,1.711,0.007062978222483807
USD,1991-10-25,1.713,0.0011689070718878813
USD,1991-10-28,1.694,-0.011091652072387714
USD,1991-10-29,1.729,0.02066115702479343
USD,1991-10-30,1.744,0.00867553499132434
USD,1991-10-31,1.739,-0.0028669724770641336
USD,1991-11-01,1.768,0.016676250718803853
USD,1991-11-04,1.774,0.0033936651583710287
USD,1991-11-05,1.773,-0.0005636978579481866
USD,1991-11-06,1.775,0.0011280315848842815
USD,1991-11-07,1.771,-0.0022535211267605826
USD,1991-11-08,1.764,-0.0039525691699604515
USD,1991-11-11,1.771,0.003968253968253954
USD,1991-11-12,1.77,-0.0005646527385657629
USD,1991-11-13,1.776,0.003389830508474523
USD,1991-11-14,1.776,0.0
USD,1991-11-15,1.787,0.006193693693693714
USD,1991-11-18,1.789,0.0011191941801902416
USD,1991-11-19,1.799,0.005589714924538747
USD,1991-11-20,1.799,0.0
USD,1991-11-21,1.792,-0.0038910505836575737
USD,1991-11-22,1.795,0.0016741071428569843
USD,1991-11-25,1.794,-0.0005571030640667551
USD,1991-11-26,1.773,-0.0117056856187292
USD,1991-11-27,1.768,-0.0028200789622109257
USD,1991-11-28,1.771,0.0016968325791855143
USD,1991-11-29,1.768,-0.0016939582156972888
USD,1991-12-02,1.773,0.002828054298642524
USD,1991-12-03,1.775,0.0011280315848842815
USD,1991-12-04,1.783,0.004507042253521165
USD,1991-12-05,1.798,0.008412787436904212
USD,1991-12-06,1.817,0.010567296996662812
USD,1991-12-09,1.812,-0.0027517886626307053
USD,1991-12-10,1.807,-0.0027593818984548157
USD,1991-12-11,1.808,0.0005534034311014402
USD,1991-12-12,1.807,-0.0005530973451327581
USD,1991-12-13,1.816,0.0049806308799116294
USD,1991-12-16,1.825,0.004955947136563887
USD,1991-12-17,1.828,0.0016438356164383272
USD,1991-12-18,1.83,0.001094091903719896
USD,1991-12-19,1.835,0.002732240437158362
USD,1991-12-20,1.859,0.013079019073569453
USD,1991-12-23,1.881,0.01183431952662728
USD,1991-12-24,1.873,-0.004253056884635842
USD,1991-12-25,1.884,0.005872931126534864
USD,1991-12-26,1.884,0.0
USD,1991-12-27,1.874,-0.005307855626326852
USD,1991-12-30,1.867,-0.003735325506937115
USD,1991-12-31,1.868,0.0005356186395286677
USD,1992-01-01,1.869,0.0005353319057814776
USD,1992-01-02,1.866,-0.0016051364365970988
USD,1992-01-03,1.849,-0.009110396570203738
USD,1992-01-06,1.883,0.01838831800973506
USD,1992-01-07,1.885,0.0010621348911312722
USD,1992-01-08,1.878,-0.003713527851458953
USD,1992-01-09,1.815,-0.033546325878594185
USD,1992-01-10,1.789,-0.014325068870523427
USD,1992-01-13,1.798,0.005030743432085094
USD,1992-01-14,1.786,-0.006674082313681828
USD,1992-01-15,1.753,-0.018477043673012394
USD,1992-01-16,1.764,0.0062749572162008604
USD,1992-01-17,1.8,0.020408163265306145
USD,1992-01-20,1.799,-0.0005555555555556424
USD,1992-01-21,1.806,0.0038910505836575737
USD,1992-01-22,1.806,0.0
USD,1992-01-23,1.785,-0.011627906976744207
USD,1992-01-24,1.796,0.006162464985994376
USD,1992-01-27,1.783,-0.007238307349666018
USD,1992-01-28,1.792,0.0050476724621424385
USD,1992-01-29,1.799,0.00390625
USD,1992-01-30,1.782,-0.009449694274596965
USD,1992-01-31,1.786,0.002244668911335568
USD,1992-02-03,1.796,0.005599104143336975
USD,1992-02-04,1.802,0.0033407572383072903
USD,1992-02-05,1.817,0.008324084350721295
USD,1992-02-06,1.821,0.0022014309301046087
USD,1992-02-07,1.839,0.009884678747940745
USD,1992-02-10,1.819,-0.010875475802066381
USD,1992-02-11,1.799,-0.010995052226498103
USD,1992-02-12,1.788,-0.00611450806003333
USD,1992-02-13,1.773,-0.008389261744966459
USD,1992-02-14,1.771,-0.0011280315848843925
USD,1992-02-17,1.77,-0.0005646527385657629
USD,1992-02-18,1.755,-0.008474576271186529
USD,1992-02-19,1.757,0.0011396011396012096
USD,1992-02-20,1.752,-0.002845759817871274
USD,1992-02-21,1.743,-0.005136986301369828
USD,1992-02-24,1.746,0.0017211703958690538
USD,1992-02-25,1.74,-0.0034364261168384758
USD,1992-02-26,1.755,0.008620689655172376
USD,1992-02-27,1.764,0.00512820512820511
USD,1992-02-28,1.757,-0.003968253968254065
USD,1992-03-02,1.754,-0.0017074558907227422
USD,1992-03-03,1.738,-0.009122006841505104
USD,1992-03-04,1.726,-0.0069044879171461515
USD,1992-03-05,1.717,-0.005214368482039378
USD,1992-03-06,1.719,0.0011648223645894795
USD,1992-03-09,1.726,0.004072134962187279
USD,1992-03-10,1.718,-0.004634994206257237
USD,1992-03-11,1.727,0.005238649592549605
USD,1992-03-12,1.714,-0.007527504342791036
USD,1992-03-13,1.708,-0.003500583430571802
USD,1992-03-16,1.722,0.008196721311475308
USD,1992-03-17,1.736,0.008130081300812941
USD,1992-03-18,1.728,-0.004608294930875556
USD,1992-03-19,1.712,-0.0092592592592593
USD,1992-03-20,1.713,0.0005841121495326895
USD,1992-03-23,1.72,0.004086398131932123
USD,1992-03-24,1.719,-0.0005813953488371659
USD,1992-03-25,1.732,0.0075625363583478045
USD,1992-03-26,1.725,-0.004041570438799047
USD,1992-03-27,1.743,0.01043478260869568
USD,1992-03-30,1.736,-0.004016064257028162
USD,1992-03-31,1.737,0.0005760368663594306
USD,1992-04-01,1.726,-0.0063327576280944875
USD,1992-04-02,1.731,0.0028968713789108147
USD,1992-04-03,1.744,0.007510109763142703
USD,1992-04-06,1.747,0.0017201834862385912
USD,1992-04-07,1.75,0.0017172295363478973
USD,1992-04-08,1.749,-0.0005714285714285561
USD,1992-04-09,1.762,0.007432818753573489
USD,1992-04-10,1.765,0.0017026106696935717
USD,1992-04-13,1.763,-0.001133144475920722
USD,1992-04-14,1.762,-0.0005672149744753163
USD,1992-04-15,1.755,-0.0039727582292850006
USD,1992-04-16,1.745,-0.005698005698005604
USD,1992-04-17,1.745,0.0
USD,1992-04-20,1.748,0.0017191977077364307
USD,1992-04-21,1.752,0.0022883295194509046
USD,1992-04-22,1.763,0.006278538812785284
USD,1992-04-23,1.768,0.0028360748723768037
USD,1992-04-24,1.774,0.0033936651583710287
USD,1992-04-27,1.777,0.0016910935738443378
USD,1992-04-28,1.777,0.0
USD,1992-04-29,1.772,-0.002813731007315634
USD,1992-04-30,1.78,0.004514672686230181
USD,1992-05-01,1.786,0.003370786516853963
USD,1992-05-04,1.779,-0.00391937290033606
USD,1992-05-05,1.787,0.0044969083754917705
USD,1992-05-06,1.797,0.00559597090095143
USD,1992-05-07,1.799,0.0011129660545352582
USD,1992-05-08,1.791,-0.004446914952751513
USD,1992-05-11,1.798,0.003908431044109539
USD,1992-05-12,1.813,0.008342602892102313
USD,1992-05-13,1.827,0.007722007722007707
USD,1992-05-14,1.815,-0.006568144499178974
USD,1992-05-15,1.823,0.0044077134986226785
USD,1992-05-18,1.836,0.007131102578167958
USD,1992-05-19,1.836,0.0
USD,1992-05-20,1.83,-0.0032679738562091387
USD,1992-05-21,1.817,-0.0071038251366121186
USD,1992-05-22,1.818,0.0005503577325260967
USD,1992-05-25,1.818,0.0
USD,1992-05-26,1.823,0.002750275027502802
USD,1992-05-27,1.796,-0.014810751508502418
USD,1992-05-28,1.805,0.0050111358574609355
USD,1992-05-29,1.828,0.012742382271468289
USD,1992-06-01,1.826,-0.001094091903719896
USD,1992-06-02,1.812,-0.00766703176341732
USD,1992-06-03,1.819,0.003863134657836609
USD,1992-06-04,1.83,0.006047278724574001
USD,1992-06-05,1.832,0.0010928961748633004
USD,1992-06-08,1.835,0.0016375545851528006
USD,1992-06-09,1.833,-0.0010899182561308063
USD,1992-06-10,1.835,0.0010911074740862503
USD,1992-06-11,1.85,0.008174386920980936
USD,1992-06-12,1.851,0.000540540540540535
USD,1992-06-15,1.858,0.0037817396002162162
USD,1992-06-16,1.864,0.0032292787944026013
USD,1992-06-17,1.855,-0.004828326180257525
USD,1992-06-18,1.862,0.0037735849056603765
USD,1992-06-19,1.858,-0.002148227712137518
USD,1992-06-22,1.863,0.0026910656620020568
USD,1992-06-23,1.862,-0.0005367686527105731
USD,1992-06-24,1.879,0.009129967776584369
USD,1992-06-25,1.896,0.009047365620010517
USD,1992-06-26,1.895,-0.0005274261603375185
USD,1992-06-29,1.903,0.004221635883905117
USD,1992-06-30,1.904,0.0005254860746188861
USD,1992-07-01,1.904,0.0
USD,1992-07-02,1.924,0.010504201680672232
USD,1992-07-03,1.909,-0.0077962577962576995
USD,1992-07-06,1.91,0.0005238344683080598
USD,1992-07-07,1.934,0.012565445026178068
USD,1992-07-08,1.929,-0.002585315408479727
USD,1992-07-09,1.901,-0.014515292897874565
USD,1992-07-10,1.92,0.009994739610731163
USD,1992-07-13,1.932,0.006250000000000089
USD,1992-07-14,1.92,-0.006211180124223614
USD,1992-07-15,1.922,0.0010416666666666075
USD,1992-07-16,1.939,0.008844953173777315
USD,1992-07-17,1.952,0.0067044868488910225
USD,1992-07-20,1.907,-0.02305327868852458
USD,1992-07-21,1.912,0.002621919244887305
USD,1992-07-22,1.907,-0.0026150627615062483
USD,1992-07-23,1.914,0.0036706869428420053
USD,1992-07-24,1.894,-0.010449320794148398
USD,1992-07-27,1.922,0.014783526927138357
USD,1992-07-28,1.929,0.0036420395421437046
USD,1992-07-29,1.92,-0.004665629860031162
USD,1992-07-30,1.927,0.003645833333333348
USD,1992-07-31,1.926,-0.0005189413596263792
USD,1992-08-03,1.925,-0.0005192107995846129
USD,1992-08-04,1.92,-0.0025974025974027093
USD,1992-08-05,1.907,-0.0067708333333332815
USD,1992-08-06,1.915,0.004195070791819688
USD,1992-08-07,1.93,0.007832898172323688
USD,1992-08-10,1.931,0.0005181347150260418
USD,1992-08-11,1.929,-0.0010357327809424888
USD,1992-08-12,1.93,0.0005184033177811909
USD,1992-08-13,1.933,0.0015544041450776813
USD,1992-08-14,1.922,-0.005690636316606379
USD,1992-08-17,1.924,0.0010405827263266776
USD,1992-08-18,1.929,0.0025987525987527516
USD,1992-08-19,1.934,0.0025920165889061764
USD,1992-08-20,1.939,0.002585315408479838
USD,1992-08-21,1.957,0.009283135636926287
USD,1992-08-24,1.994,0.0189064895247828
USD,1992-08-25,1.988,-0.0030090270812437314
USD,1992-08-26,1.984,-0.002012072434607659
USD,1992-08-27,1.98,-0.0020161290322581182
USD,1992-08-28,1.983,0.0015151515151514694
USD,1992-08-31,1.988,0.002521432173474558
USD,1992-09-01,2.002,0.007042253521126751
USD,1992-09-02,1.998,-0.0019980019980019303
USD,1992-09-03,1.982,-0.00800800800800805
USD,1992-09-04,1.997,0.007568113017154543
USD,1992-09-07,1.995,-0.0010015022533800266
USD,1992-09-08,2.005,0.005012531328320691
USD,1992-09-09,1.971,-0.01695760598503726
USD,1992-09-10,1.955,-0.008117706747843734
USD,1992-09-11,1.921,-0.017391304347826098
USD,1992-09-14,1.897,-0.012493492972410203
USD,1992-09-15,1.858,-0.020558777016341567
USD,1992-09-16,1.781,-0.04144241119483327
USD,1992-09-17,1.786,0.0028074115665357446
USD,1992-09-18,1.735,-0.028555431131018993
USD,1992-09-21,1.71,-0.014409221902017322
USD,1992-09-22,1.692,-0.010526315789473717
USD,1992-09-23,1.716,0.014184397163120588
USD,1992-09-24,1.71,-0.0034965034965035446
USD,1992-09-25,1.71,0.0
USD,1992-09-28,1.731,0.012280701754386003
USD,1992-09-29,1.787,0.03235124205661455
USD,1992-09-30,1.784,-0.0016787912702853625
USD,1992-10-01,1.742,-0.023542600896861
USD,1992-10-02,1.729,-0.00746268656716409
USD,1992-10-05,1.713,-0.009253903990746104
USD,1992-10-06,1.713,0.0
USD,1992-10-07,1.71,-0.0017513134851139256
USD,1992-10-08,1.683,-0.015789473684210464
USD,1992-10-09,1.695,0.007130124777183555
USD,1992-10-12,1.704,0.005309734513274211
USD,1992-10-13,1.717,0.00762910798122074
USD,1992-10-14,1.708,-0.005241700640652325
USD,1992-10-15,1.691,-0.00995316159250581
USD,1992-10-16,1.648,-0.02542874039030163
USD,1992-10-19,1.622,-0.01577669902912604
USD,1992-10-20,1.625,0.0018495684340320562
USD,1992-10-21,1.604,-0.012923076923076815
USD,1992-10-22,1.624,0.012468827930174564
USD,1992-10-23,1.623,-0.0006157635467981537
USD,1992-10-26,1.584,-0.02402957486136781
USD,1992-10-27,1.577,-0.004419191919192045
USD,1992-10-28,1.572,-0.003170577045022105
USD,1992-10-29,1.572,0.0
USD,1992-10-30,1.558,-0.008905852417302795
USD,1992-11-02,1.534,-0.015404364569961526
USD,1992-11-03,1.551,0.011082138200782188
USD,1992-11-04,1.545,-0.003868471953578312
USD,1992-11-05,1.536,-0.005825242718446533
USD,1992-11-06,1.53,-0.00390625
USD,1992-11-09,1.512,-0.0117647058823529
USD,1992-11-10,1.517,0.003306878306878147
USD,1992-11-11,1.524,0.004614370468029039
USD,1992-11-12,1.53,0.003937007874015741
USD,1992-11-13,1.55,0.013071895424836555
USD,1992-11-16,1.525,-0.016129032258064613
USD,1992-11-17,1.523,-0.0013114754098361159
USD,1992-11-18,1.526,0.001969796454366346
USD,1992-11-19,1.539,0.008519003931847902
USD,1992-11-20,1.512,-0.01754385964912275
USD,1992-11-23,1.522,0.006613756613756516
USD,1992-11-24,1.526,0.0026281208935610145
USD,1992-11-25,1.527,0.000655307994757548
USD,1992-11-26,1.523,-0.0026195153896528822
USD,1992-11-27,1.512,-0.007222586999343306
USD,1992-11-30,1.516,0.002645502645502562
USD,1992-12-01,1.548,0.02110817941952514
USD,1992-12-02,1.553,0.00322997416020665
USD,1992-12-03,1.563,0.006439150032195862
USD,1992-12-04,1.56,-0.0019193857965450478
USD,1992-12-07,1.598,0.024358974358974272
USD,1992-12-08,1.599,0.0006257822277846437
USD,1992-12-09,1.565,-0.021263289555972453
USD,1992-12-10,1.554,-0.007028753993610137
USD,1992-12-11,1.556,0.0012870012870012104
USD,1992-12-14,1.567,0.007069408740359773
USD,1992-12-15,1.568,0.0006381620931716903
USD,1992-12-16,1.575,0.004464285714285587
USD,1992-12-17,1.58,0.0031746031746031633
USD,1992-12-18,1.568,-0.0075949367088608
USD,1992-12-21,1.558,-0.0063775510204081565
USD,1992-12-22,1.536,-0.014120667522464658
USD,1992-12-23,1.527,-0.005859375000000111
USD,1992-12-24,1.528,0.0006548788474132206
USD,1992-12-25,1.522,-0.003926701570680646
USD,1992-12-28,1.498,-0.015768725361366642
USD,1992-12-29,1.508,0.006675567423231055
USD,1992-12-30,1.51,0.0013262599469496816
USD,1992-12-31,1.511,0.0006622516556291647
USD,1993-01-04,1.5,-0.007279947054930402
USD,1993-01-05,1.55,0.03333333333333344
USD,1993-01-06,1.542,-0.005161290322580614
USD,1993-01-07,1.531,-0.007133592736705663
USD,1993-01-08,1.531,0.0
USD,1993-01-11,1.553,0.014369693011103912
USD,1993-01-12,1.544,-0.0057952350289761645
USD,1993-01-13,1.549,0.0032383419689119286
USD,1993-01-14,1.538,-0.007101355713363344
USD,1993-01-15,1.531,-0.004551365409622976
USD,1993-01-18,1.551,0.013063357282821597
USD,1993-01-19,1.547,-0.0025789813023855412
USD,1993-01-20,1.544,-0.0019392372333547625
USD,1993-01-21,1.523,-0.0136010362694301
USD,1993-01-22,1.531,0.005252790544977071
USD,1993-01-25,1.557,0.0169823644676681
USD,1993-01-26,1.539,-0.011560693641618491
USD,1993-01-27,1.511,-0.018193632228719947
USD,1993-01-28,1.516,0.0033090668431503545
USD,1993-01-29,1.487,-0.0191292875989445
USD,1993-02-01,1.46,-0.0181573638197714
USD,1993-02-02,1.444,-0.010958904109588996
USD,1993-02-03,1.435,-0.006232686980609303
USD,1993-02-04,1.441,0.004181184668989646
USD,1993-02-05,1.446,0.003469812630117808
USD,1993-02-08,1.439,-0.004840940525587811
USD,1993-02-09,1.43,-0.006254343293954245
USD,1993-02-10,1.424,-0.004195804195804231
USD,1993-02-11,1.419,-0.003511235955056091
USD,1993-02-12,1.421,0.0014094432699083281
USD,1993-02-15,1.42,-0.0007037297677692234
USD,1993-02-16,1.449,0.02042253521126769
USD,1993-02-17,1.446,-0.0020703933747412417
USD,1993-02-18,1.448,0.0013831258644536604
USD,1993-02-19,1.454,0.004143646408839796
USD,1993-02-22,1.457,0.0020632737276480295
USD,1993-02-23,1.454,-0.002059025394646641
USD,1993-02-24,1.43,-0.016506189821182904
USD,1993-02-25,1.432,0.0013986013986013734
USD,1993-02-26,1.425,-0.004888268156424513
USD,1993-03-01,1.439,0.009824561403508847
USD,1993-03-02,1.448,0.006254343293954134
USD,1993-03-03,1.451,0.002071823204419898
USD,1993-03-04,1.455,0.002756719503790528
USD,1993-03-05,1.446,-0.006185567010309367
USD,1993-03-08,1.442,-0.0027662517289073207
USD,1993-03-09,1.44,-0.001386962552011095
USD,1993-03-10,1.433,-0.004861111111111094
USD,1993-03-11,1.431,-0.0013956734124215275
USD,1993-03-12,1.433,0.0013976240391335715
USD,1993-03-15,1.435,0.0013956734124214165
USD,1993-03-16,1.449,0.009756097560975618
USD,1993-03-17,1.453,0.002760524499654915
USD,1993-03-18,1.486,0.022711631108052188
USD,1993-03-19,1.491,0.003364737550471064
USD,1993-03-22,1.487,-0.0026827632461435824
USD,1993-03-23,1.484,-0.0020174848688635505
USD,1993-03-24,1.477,-0.004716981132075415
USD,1993-03-25,1.475,-0.0013540961408260443
USD,1993-03-26,1.487,0.008135593220339077
USD,1993-03-29,1.492,0.00336247478143914
USD,1993-03-30,1.493,0.0006702412868633267
USD,1993-03-31,1.515,0.014735432016074856
USD,1993-04-01,1.531,0.010561056105610644
USD,1993-04-02,1.522,-0.005878510777269641
USD,1993-04-05,1.52,-0.0013140604467805073
USD,1993-04-06,1.514,-0.003947368421052588
USD,1993-04-07,1.514,0.0
USD,1993-04-08,1.528,0.009247027741083214
USD,1993-04-09,1.528,0.0
USD,1993-04-12,1.547,0.012434554973821843
USD,1993-04-13,1.559,0.007756948933419494
USD,1993-04-14,1.554,-0.003207184092366866
USD,1993-04-15,1.538,-0.01029601029601035
USD,1993-04-16,1.526,-0.007802340702210642
USD,1993-04-19,1.542,0.010484927916120546
USD,1993-04-20,1.548,0.0038910505836575737
USD,1993-04-21,1.54,-0.0051679586563307955
USD,1993-04-22,1.564,0.01558441558441559
USD,1993-04-23,1.575,0.007033248081841359
USD,1993-04-26,1.586,0.0069841269841270925
USD,1993-04-27,1.574,-0.007566204287515754
USD,1993-04-28,1.574,0.0
USD,1993-04-29,1.574,0.0
USD,1993-04-30,1.574,0.0
USD,1993-05-03,1.565,-0.00571791613723005
USD,1993-05-04,1.568,0.00191693290734829
USD,1993-05-05,1.567,-0.0006377551020408934
USD,1993-05-06,1.581,0.00893426930440322
USD,1993-05-07,1.57,-0.006957621758380661
USD,1993-05-10,1.533,-0.023566878980891826
USD,1993-05-11,1.541,0.005218525766470972
USD,1993-05-12,1.534,-0.004542504866969388
USD,1993-05-13,1.523,-0.007170795306388644
USD,1993-05-14,1.538,0.009848982271831952
USD,1993-05-17,1.535,-0.0019505851755526882
USD,1993-05-18,1.536,0.0006514657980456473
USD,1993-05-19,1.544,0.005208333333333259
USD,1993-05-20,1.556,0.007772020725388629
USD,1993-05-21,1.542,-0.00899742930591263
USD,1993-05-24,1.539,-0.0019455252918288979
USD,1993-05-25,1.543,0.002599090318388564
USD,1993-05-26,1.548,0.003240440699935343
USD,1993-05-27,1.563,0.009689922480620172
USD,1993-05-28,1.561,-0.001279590531030106
USD,1993-05-31,1.562,0.0006406149903908087
USD,1993-06-01,1.555,-0.004481434058898892
USD,1993-06-02,1.541,-0.009003215434083556
USD,1993-06-03,1.549,0.005191434133679396
USD,1993-06-04,1.509,-0.0258231116849581
USD,1993-06-07,1.526,0.011265738899933764
USD,1993-06-08,1.52,-0.003931847968545177
USD,1993-06-09,1.515,-0.00328947368421062
USD,1993-06-10,1.531,0.010561056105610644
USD,1993-06-11,1.522,-0.005878510777269641
USD,1993-06-14,1.527,0.003285151116951379
USD,1993-06-15,1.517,-0.006548788474132317
USD,1993-06-16,1.506,-0.007251153592616966
USD,1993-06-17,1.515,0.005976095617529875
USD,1993-06-18,1.498,-0.011221122112211157
USD,1993-06-21,1.489,-0.006008010680907838
USD,1993-06-22,1.478,-0.007387508394895992
USD,1993-06-23,1.473,-0.003382949932340895
USD,1993-06-24,1.469,-0.0027155465037338455
USD,1993-06-25,1.477,0.005445881552076148
USD,1993-06-28,1.496,0.012863913337846977
USD,1993-06-29,1.513,0.011363636363636243
USD,1993-06-30,1.489,-0.015862524785194898
USD,1993-07-01,1.517,0.01880456682337117
USD,1993-07-02,1.508,-0.005932762030322891
USD,1993-07-05,1.51,0.0013262599469496816
USD,1993-07-06,1.503,-0.004635761589404042
USD,1993-07-07,1.495,-0.005322687957418304
USD,1993-07-08,1.497,0.0013377926421405117
USD,1993-07-09,1.481,-0.010688042752171056
USD,1993-07-12,1.477,-0.0027008777852801646
USD,1993-07-13,1.498,0.014218009478673022
USD,1993-07-14,1.502,0.002670226969292422
USD,1993-07-15,1.489,-0.008655126498002597
USD,1993-07-16,1.487,-0.001343183344526544
USD,1993-07-19,1.499,0.00806993947545398
USD,1993-07-20,1.512,0.00867244829886582
USD,1993-07-21,1.516,0.002645502645502562
USD,1993-07-22,1.513,-0.0019788918205805306
USD,1993-07-23,1.505,-0.005287508261731633
USD,1993-07-26,1.502,-0.001993355481727521
USD,1993-07-27,1.489,-0.008655126498002597
USD,1993-07-28,1.495,0.004029550033579632
USD,1993-07-29,1.481,-0.00936454849498325
USD,1993-07-30,1.482,0.0006752194463199857
USD,1993-08-02,1.502,0.013495276653171295
USD,1993-08-03,1.501,-0.0006657789613848664
USD,1993-08-04,1.502,0.0006662225183211579
USD,1993-08-05,1.496,-0.003994673768308976
USD,1993-08-06,1.499,0.0020053475935830622
USD,1993-08-09,1.492,-0.004669779853235578
USD,1993-08-10,1.467,-0.016756032171581725
USD,1993-08-11,1.472,0.003408316291751756
USD,1993-08-12,1.466,-0.0040760869565217295
USD,1993-08-13,1.46,-0.004092769440654842
USD,1993-08-16,1.49,0.020547945205479534
USD,1993-08-17,1.489,-0.0006711409395971923
USD,1993-08-18,1.516,0.01813297515110812
USD,1993-08-19,1.505,-0.0072559366754618715
USD,1993-08-20,1.515,0.006644518272425293
USD,1993-08-23,1.506,-0.005940594059405835
USD,1993-08-24,1.499,-0.004648074369189792
USD,1993-08-25,1.482,-0.011340893929286278
USD,1993-08-26,1.511,0.019568151147098423
USD,1993-08-27,1.504,-0.0046326935804102964
USD,1993-08-30,1.493,-0.007313829787233939
USD,1993-08-31,1.491,-0.0013395847287340779
USD,1993-09-01,1.504,0.008718980549966338
USD,1993-09-02,1.502,-0.0013297872340425343
USD,1993-09-03,1.531,0.019307589880159792
USD,1993-09-06,1.527,-0.0026126714565642972
USD,1993-09-07,1.539,0.007858546168958647
USD,1993-09-08,1.542,0.0019493177387914784
USD,1993-09-09,1.549,0.004539559014267169
USD,1993-09-10,1.552,0.001936733376372013
USD,1993-09-13,1.547,-0.003221649484536182
USD,1993-09-14,1.545,-0.0012928248222365823
USD,1993-09-15,1.549,0.0025889967637540146
USD,1993-09-16,1.533,-0.010329244673983218
USD,1993-09-17,1.533,0.0
USD,1993-09-20,1.533,0.0
USD,1993-09-21,1.515,-0.011741682974559686
USD,1993-09-22,1.517,0.0013201320132012473
USD,1993-09-23,1.506,-0.007251153592616966
USD,1993-09-24,1.509,0.0019920318725099584
USD,1993-09-27,1.513,0.002650762094102088
USD,1993-09-28,1.514,0.0006609385327165374
USD,1993-09-29,1.512,-0.0013210039630119352
USD,1993-09-30,1.495,-0.011243386243386166
USD,1993-10-01,1.506,0.0073578595317724815
USD,1993-10-04,1.515,0.005976095617529875
USD,1993-10-05,1.516,0.0006600660066007347
USD,1993-10-06,1.525,0.00593667546174137
USD,1993-10-07,1.523,-0.0013114754098361159
USD,1993-10-08,1.535,0.007879185817465606
USD,1993-10-11,1.531,-0.002605863192182367
USD,1993-10-12,1.533,0.001306335728282093
USD,1993-10-13,1.522,-0.0071754729288975305
USD,1993-10-14,1.515,-0.0045992115637319975
USD,1993-10-15,1.511,-0.0026402640264026056
USD,1993-10-18,1.487,-0.01588352084712097
USD,1993-10-19,1.489,0.0013449899125757003
USD,1993-10-20,1.495,0.004029550033579632
USD,1993-10-21,1.484,-0.007357859531772704
USD,1993-10-22,1.473,-0.0074123989218327635
USD,1993-10-25,1.478,0.0033944331296673624
USD,1993-10-26,1.481,0.002029769959404737
USD,1993-10-27,1.481,0.0
USD,1993-10-28,1.489,0.005401755570560329
USD,1993-10-29,1.479,-0.006715916722632609
USD,1993-11-01,1.482,0.002028397565922768
USD,1993-11-02,1.473,-0.006072874493927016
USD,1993-11-03,1.485,0.008146639511201537
